Date,Open,High,Low,Close,Volume,ticker,name
2025-01-01 00:00:00+00:00,0.843765974,0.929422021,0.838926017,0.917591989,926095054,ADA-USD,Cardano
2025-01-01 00:00:00+00:00,93425.10156,94929.86719,92788.125,94419.75781,24519888919,BTC-USD,Bitcoin
2025-01-01 00:00:00+00:00,189.266922,194.8184967,187.8794556,193.8737335,2324231668,SOL-USD,Solana
2025-01-01 00:00:00+00:00,2.08012104,2.346772909,2.079150915,2.322340965,7677226237,XRP-USD,XRP
2025-01-01 00:00:00+00:00,3332.406494,3366.531494,3310.255859,3353.50415,14195410493,ETH-USD,Ethereum
2025-01-01 00:00:00+00:00,700.9868774,709.1989746,699.758606,706.5129395,1420234997,BNB-USD,BNB
2025-01-02 00:00:00+00:00,0.917653978,0.979081988,0.917596996,0.961345017,1199916914,ADA-USD,Cardano
2025-01-02 00:00:00+00:00,94416.28906,97739.82031,94201.57031,96886.875,46009564411,BTC-USD,Bitcoin
2025-01-02 00:00:00+00:00,193.8721313,209.0667267,193.2585297,207.7670441,4230329837,SOL-USD,Solana
2025-01-02 00:00:00+00:00,2.322407961,2.435502052,2.322395086,2.403369904,8345904442,XRP-USD,XRP
2025-01-02 00:00:00+00:00,3353.412109,3493.448242,3348.352051,3451.392578,22243574698,ETH-USD,Ethereum
2025-01-02 00:00:00+00:00,706.5124512,714.4386597,697.7047119,705.6785889,1880664942,BNB-USD,BNB
2025-01-03 00:00:00+00:00,0.961346984,1.116099,0.960044026,1.090376019,2503146669,ADA-USD,Cardano
2025-01-03 00:00:00+00:00,96881.72656,98956.91406,96034.61719,98107.42969,35611391163,BTC-USD,Bitcoin
2025-01-03 00:00:00+00:00,207.7676086,219.5595245,205.6524048,217.7473297,4064420852,SOL-USD,Solana
2025-01-03 00:00:00+00:00,2.40337491,2.474551916,2.397133112,2.452896118,5804528036,XRP-USD,XRP
2025-01-03 00:00:00+00:00,3451.680908,3627.055664,3421.831543,3605.009766,21877299255,ETH-USD,Ethereum
2025-01-03 00:00:00+00:00,705.6785889,715.0968628,697.5460815,713.6435547,1822243906,BNB-USD,BNB
2025-01-04 00:00:00+00:00,1.090352058,1.107918978,1.05885005,1.071400046,1175730814,ADA-USD,Cardano
2025-01-04 00:00:00+00:00,98106.99219,98734.42969,97562.97656,98236.22656,22342608078,BTC-USD,Bitcoin
2025-01-04 00:00:00+00:00,217.7480469,217.9050446,213.8314514,216.6229248,2432220391,SOL-USD,Solana
2025-01-04 00:00:00+00:00,2.452897072,2.504384041,2.406713963,2.419595003,4395986073,XRP-USD,XRP
2025-01-04 00:00:00+00:00,3605.200684,3669.196777,3574.326904,3657.706787,16060610759,ETH-USD,Ethereum
2025-01-04 00:00:00+00:00,713.6435547,721.15625,708.8513184,713.8411865,1524500208,BNB-USD,BNB
2025-01-05 00:00:00+00:00,1.071396947,1.107867956,1.055279016,1.093466997,1241263862,ADA-USD,Cardano
2025-01-05 00:00:00+00:00,98233.90625,98813.30469,97291.76563,98314.96094,20525254825,BTC-USD,Bitcoin
2025-01-05 00:00:00+00:00,216.622757,218.8784027,211.7652283,213.393631,2403765299,SOL-USD,Solana
2025-01-05 00:00:00+00:00,2.419579983,2.425544977,2.334361076,2.399727106,4125625773,XRP-USD,XRP
2025-01-05 00:00:00+00:00,3657.743164,3673.812988,3594.616943,3634.10376,12830306908,ETH-USD,Ethereum
2025-01-05 00:00:00+00:00,713.8411865,713.8411865,703.0022583,709.2583008,1411808759,BNB-USD,BNB
2025-01-06 00:00:00+00:00,1.093464017,1.112586975,1.068097949,1.09412396,1303664168,ADA-USD,Cardano
2025-01-06 00:00:00+00:00,98314.95313,102482.875,97926.14844,102078.0859,51823432705,BTC-USD,Bitcoin
2025-01-06 00:00:00+00:00,213.3948364,222.9529724,211.6531372,218.7231293,3408034919,SOL-USD,Solana
2025-01-06 00:00:00+00:00,2.399725914,2.455250978,2.376384974,2.41880703,4383804466,XRP-USD,XRP
2025-01-06 00:00:00+00:00,3634.11377,3743.94165,3611.214355,3688.611328,23973574043,ETH-USD,Ethereum
2025-01-06 00:00:00+00:00,709.2583008,745.1535645,706.1865845,729.4000854,2056633884,BNB-USD,BNB
2025-01-07 00:00:00+00:00,1.094123006,1.150163054,0.991962016,0.992009997,2238100221,ADA-USD,Cardano
2025-01-07 00:00:00+00:00,102248.8516,102712.4844,96132.875,96922.70313,58685738547,BTC-USD,Bitcoin
2025-01-07 00:00:00+00:00,218.4129333,219.1423035,202.1249084,202.2302551,4360983978,SOL-USD,Solana
2025-01-07 00:00:00+00:00,2.418793917,2.460566998,2.265906096,2.272350073,7375576966,XRP-USD,XRP
2025-01-07 00:00:00+00:00,3688.341309,3701.106934,3358.089844,3381.577393,32235312545,ETH-USD,Ethereum
2025-01-07 00:00:00+00:00,729.3932495,733.0914307,691.5519409,697.3688965,2200352831,BNB-USD,BNB
2025-01-08 00:00:00+00:00,0.992017984,1.021281958,0.913590014,0.948031008,1978552965,ADA-USD,Cardano
2025-01-08 00:00:00+00:00,96924.16406,97258.32031,92525.84375,95043.52344,63875859171,BTC-USD,Bitcoin
2025-01-08 00:00:00+00:00,202.2278748,203.060318,188.9578857,197.5590515,5028291858,SOL-USD,Solana
2025-01-08 00:00:00+00:00,2.272360086,2.395157099,2.21292901,2.375304937,8537147723,XRP-USD,XRP
2025-01-08 00:00:00+00:00,3381.615479,3413.682861,3209.2146,3326.329346,34337730882,ETH-USD,Ethereum
2025-01-08 00:00:00+00:00,697.3688965,706.7611084,677.1226196,695.8371582,2189465209,BNB-USD,BNB
2025-01-09 00:00:00+00:00,0.948023021,0.958276987,0.883760989,0.905990005,1351715573,ADA-USD,Cardano
2025-01-09 00:00:00+00:00,95043.48438,95349.71875,91220.84375,92484.03906,62777261693,BTC-USD,Bitcoin
2025-01-09 00:00:00+00:00,197.5590515,198.901001,182.3223267,185.0252838,3815664216,SOL-USD,Solana
2025-01-09 00:00:00+00:00,2.375308037,2.389349937,2.239389896,2.275212049,6033281189,XRP-USD,XRP
2025-01-09 00:00:00+00:00,3326.359619,3355.862305,3159.384033,3219.430664,28815726276,ETH-USD,Ethereum
2025-01-09 00:00:00+00:00,695.8371582,700.9730225,675.7342529,685.1207275,1931492677,BNB-USD,BNB
2025-01-10 00:00:00+00:00,0.905990005,0.971773028,0.905647993,0.93145299,1252358898,ADA-USD,Cardano
2025-01-10 00:00:00+00:00,92494.49219,95770.60938,92250.09375,94701.45313,62058693684,BTC-USD,Bitcoin
2025-01-10 00:00:00+00:00,185.0131378,192.7563171,183.8667603,187.5791779,3739014100,SOL-USD,Solana
2025-01-10 00:00:00+00:00,2.275166988,2.363934994,2.255907059,2.343251944,5315424125,XRP-USD,XRP
2025-01-10 00:00:00+00:00,3219.496582,3320.500488,3196.110352,3267.48999,26503845190,ETH-USD,Ethereum
2025-01-10 00:00:00+00:00,685.1203613,700.4706421,683.6865845,693.6244507,1680784122,BNB-USD,BNB
2025-01-11 00:00:00+00:00,0.931451023,1.012941003,0.916453004,0.994524002,888877434,ADA-USD,Cardano
2025-01-11 00:00:00+00:00,94700.83594,94977.6875,93840.04688,94566.59375,18860894100,BTC-USD,Bitcoin
2025-01-11 00:00:00+00:00,187.5711823,191.718811,184.2774353,187.9955139,2174290937,SOL-USD,Solana
2025-01-11 00:00:00+00:00,2.343245983,2.592389107,2.32861805,2.576770067,7962865928,XRP-USD,XRP
2025-01-11 00:00:00+00:00,3267.522461,3317.654297,3219.69873,3282.217773,11772144561,ETH-USD,Ethereum
2025-01-11 00:00:00+00:00,693.6244507,700.7665405,690.4573364,696.6578369,1290072226,BNB-USD,BNB
2025-01-12 00:00:00+00:00,0.994486988,1.034566045,0.963672996,0.968554974,1120377628,ADA-USD,Cardano
2025-01-12 00:00:00+00:00,94565.72656,95367.53906,93712.50781,94488.4375,20885130965,BTC-USD,Bitcoin
2025-01-12 00:00:00+00:00,187.9953308,190.749176,185.2522736,188.560379,1544086708,SOL-USD,Solana
2025-01-12 00:00:00+00:00,2.576788902,2.577919006,2.473002911,2.506314039,5572029190,XRP-USD,XRP
2025-01-12 00:00:00+00:00,3282.150391,3298.018311,3224.510498,3265.951172,11647743556,ETH-USD,Ethereum
2025-01-12 00:00:00+00:00,696.6578369,697.9985962,689.8890991,693.0482788,1291862069,BNB-USD,BNB
2025-01-13 00:00:00+00:00,0.968533993,0.991052985,0.88933903,0.944742024,1532120555,ADA-USD,Cardano
2025-01-13 00:00:00+00:00,94488.89063,95837,89260.10156,94516.52344,72978998252,BTC-USD,Bitcoin
2025-01-13 00:00:00+00:00,188.5509186,191.775177,170.6289825,182.8353577,5225490858,SOL-USD,Solana
2025-01-13 00:00:00+00:00,2.506372929,2.559031963,2.339766979,2.522934914,10540895915,XRP-USD,XRP
2025-01-13 00:00:00+00:00,3266.095459,3335.193604,2920.592773,3135.499756,39911742769,ETH-USD,Ethereum
2025-01-13 00:00:00+00:00,693.0480957,699.4813843,659.7593994,688.2675171,2127442444,BNB-USD,BNB
2025-01-14 00:00:00+00:00,0.944736004,1.006901026,0.940123975,0.994908988,1119015701,ADA-USD,Cardano
2025-01-14 00:00:00+00:00,94519.00781,97352.66406,94322.15625,96534.04688,53769675818,BTC-USD,Bitcoin
2025-01-14 00:00:00+00:00,182.8329926,189.9373169,181.956665,187.4985962,2748310371,SOL-USD,Solana
2025-01-14 00:00:00+00:00,2.522891045,2.68741703,2.516187906,2.669132948,8454377085,XRP-USD,XRP
2025-01-14 00:00:00+00:00,3135.670166,3254.751465,3126.805908,3223.68457,22847737224,ETH-USD,Ethereum
2025-01-14 00:00:00+00:00,688.2675171,699.8079224,686.4327393,698.6196899,1566844744,BNB-USD,BNB
2025-01-15 00:00:00+00:00,0.994911015,1.08376503,0.990984023,1.079154015,2210962210,ADA-USD,Cardano
2025-01-15 00:00:00+00:00,96534.04688,100697.2344,96501.64063,100504.4922,57805923627,BTC-USD,Bitcoin
2025-01-15 00:00:00+00:00,187.4981842,205.9349518,186.0029907,205.9113464,4071481523,SOL-USD,Solana
2025-01-15 00:00:00+00:00,2.669167042,3.177525997,2.65566802,3.155057907,22195175230,XRP-USD,XRP
2025-01-15 00:00:00+00:00,3223.68457,3473.101563,3186.139893,3450.537598,25991614661,ETH-USD,Ethereum
2025-01-15 00:00:00+00:00,698.6196899,714.6610107,688.7565308,714.0284424,1856118408,BNB-USD,BNB
2025-01-16 00:00:00+00:00,1.079094052,1.139605999,1.030179977,1.090098977,2245926187,ADA-USD,Cardano
2025-01-16 00:00:00+00:00,100505.2969,100781.5859,97364.44531,99756.90625,54103781805,BTC-USD,Bitcoin
2025-01-16 00:00:00+00:00,205.9219666,216.8399506,198.6625214,211.2278442,6099125467,SOL-USD,Solana
2025-01-16 00:00:00+00:00,3.155390978,3.38807106,2.938015938,3.245539904,26379764731,XRP-USD,XRP
2025-01-16 00:00:00+00:00,3450.305176,3458.180664,3265.675781,3308.345215,26395516475,ETH-USD,Ethereum
2025-01-16 00:00:00+00:00,714.0716553,717.0333252,701.2029419,708.2980347,1899114340,BNB-USD,BNB
2025-01-17 00:00:00+00:00,1.090093017,1.163674951,1.08822,1.135121942,1819221213,ADA-USD,Cardano
2025-01-17 00:00:00+00:00,100025.7656,105884.2266,99948.90625,104462.0391,71888972663,BTC-USD,Bitcoin
2025-01-17 00:00:00+00:00,211.2284088,221.852417,209.9692535,219.6216125,5118230275,SOL-USD,Solana
2025-01-17 00:00:00+00:00,3.245321035,3.343014956,3.181582928,3.298635006,13511699686,XRP-USD,XRP
2025-01-17 00:00:00+00:00,3308.191162,3525.543457,3307.311035,3474.107178,28200207229,ETH-USD,Ethereum
2025-01-17 00:00:00+00:00,708.2980347,729.8535156,708.1862183,721.7504883,1946000436,BNB-USD,BNB
2025-01-18 00:00:00+00:00,1.135108948,1.143610954,1.052631974,1.102072001,1614350854,ADA-USD,Cardano
2025-01-18 00:00:00+00:00,104124.9531,104913.2031,102226.6172,104408.0703,50445655726,BTC-USD,Bitcoin
2025-01-18 00:00:00+00:00,219.620697,268.746582,217.5750427,261.869751,23186958912,SOL-USD,Solana
2025-01-18 00:00:00+00:00,3.298667908,3.298667908,3.07268405,3.274019003,11851170238,XRP-USD,XRP
2025-01-18 00:00:00+00:00,3473.563721,3493.060059,3228.33374,3305.789551,32420094038,ETH-USD,Ethereum
2025-01-18 00:00:00+00:00,721.7504883,723.0932007,695.2164307,709.4249878,2200623289,BNB-USD,BNB
2025-01-19 00:00:00+00:00,1.102048039,1.147461057,0.978114009,0.99119103,2978644563,ADA-USD,Cardano
2025-01-19 00:00:00+00:00,104411.2891,106299.7969,99570.53125,101089.6094,76789928525,BTC-USD,Bitcoin
2025-01-19 00:00:00+00:00,261.8724365,294.3349609,239.6105804,250.5863647,33172955667,SOL-USD,Solana
2025-01-19 00:00:00+00:00,3.273983002,3.285343885,2.904541016,2.954716921,14986676962,XRP-USD,XRP
2025-01-19 00:00:00+00:00,3305.397949,3444.206543,3127.623047,3208.964355,57242875399,ETH-USD,Ethereum
2025-01-19 00:00:00+00:00,709.4248047,713.4689331,676.84729,682.2039795,2841079952,BNB-USD,BNB
2025-01-20 00:00:00+00:00,0.991168976,1.096701026,0.968851984,1.008643985,2754988266,ADA-USD,Cardano
2025-01-20 00:00:00+00:00,101083.75,109114.8828,99471.35938,102016.6641,1.26E+11,BTC-USD,Bitcoin
2025-01-20 00:00:00+00:00,250.6249695,272.1530457,231.634552,242.2502289,22690757561,SOL-USD,Solana
2025-01-20 00:00:00+00:00,2.954353094,3.347244024,2.929127932,3.099834919,21508103946,XRP-USD,XRP
2025-01-20 00:00:00+00:00,3208.933838,3444.282715,3147.522949,3278.0354,52383187336,ETH-USD,Ethereum
2025-01-20 00:00:00+00:00,682.204895,707.576355,672.1893921,681.8033447,2865652878,BNB-USD,BNB
2025-01-21 00:00:00+00:00,1.008661985,1.026929021,0.955096006,1.00465405,1689540931,ADA-USD,Cardano
2025-01-21 00:00:00+00:00,102052.5781,107180.9219,100103.9531,106146.2656,88733878242,BTC-USD,Bitcoin
2025-01-21 00:00:00+00:00,242.2365265,259.8293457,231.6759186,250.4137878,10694802909,SOL-USD,Solana
2025-01-21 00:00:00+00:00,3.099833012,3.234592915,3.022145987,3.169399977,10358506190,XRP-USD,XRP
2025-01-21 00:00:00+00:00,3278.436035,3365.778076,3202.492676,3327.40625,32804001146,ETH-USD,Ethereum
2025-01-21 00:00:00+00:00,681.8033447,696.9175415,675.4456787,691.8165894,2008007873,BNB-USD,BNB
2025-01-22 00:00:00+00:00,1.00465405,1.015993953,0.97943002,0.981643975,973043309,ADA-USD,Cardano
2025-01-22 00:00:00+00:00,106136.3828,106294.3438,103360.2656,103653.0703,53878181052,BTC-USD,Bitcoin
2025-01-22 00:00:00+00:00,250.4137878,271.5300293,248.7516022,257.2373657,8880832578,SOL-USD,Solana
2025-01-22 00:00:00+00:00,3.169414997,3.27423501,3.145698071,3.171104908,8091948884,XRP-USD,XRP
2025-01-22 00:00:00+00:00,3327.237305,3364.746094,3223.385986,3240.224609,22171220981,ETH-USD,Ethereum
2025-01-22 00:00:00+00:00,691.8165894,703.2702637,690.2745361,694.9832153,1762077789,BNB-USD,BNB
2025-01-23 00:00:00+00:00,0.981643975,1.00663805,0.953746974,0.987493992,1176052467,ADA-USD,Cardano
2025-01-23 00:00:00+00:00,103657.6719,106820.3281,101257.8047,103960.1719,1.04E+11,BTC-USD,Bitcoin
2025-01-23 00:00:00+00:00,257.2362366,258.1291504,242.4961853,253.4552002,9264528949,SOL-USD,Solana
2025-01-23 00:00:00+00:00,3.171056032,3.177994967,3.040842056,3.119890928,8450732276,XRP-USD,XRP
2025-01-23 00:00:00+00:00,3240.475342,3346.732422,3184.066895,3334.714111,32419520084,ETH-USD,Ethereum
2025-01-23 00:00:00+00:00,694.9648438,697.0014648,681.0576782,690.2037354,2277458782,BNB-USD,BNB
2025-01-24 00:00:00+00:00,0.987460971,1.007109046,0.966197014,0.971494019,899623660,ADA-USD,Cardano
2025-01-24 00:00:00+00:00,103965.6719,107098.5469,102772.125,104819.4844,52388229265,BTC-USD,Bitcoin
2025-01-24 00:00:00+00:00,253.4552002,269.8057861,247.6314697,253.3612213,7483041553,SOL-USD,Solana
2025-01-24 00:00:00+00:00,3.119890928,3.200756073,3.057248116,3.103482962,6847580394,XRP-USD,XRP
2025-01-24 00:00:00+00:00,3334.80835,3424.899902,3277.323242,3309.554932,25578325671,ETH-USD,Ethereum
2025-01-24 00:00:00+00:00,690.2037354,690.8380127,679.086731,680.2131958,1730218663,BNB-USD,BNB
2025-01-25 00:00:00+00:00,0.971499979,0.990207016,0.966184974,0.977271974,518321010,ADA-USD,Cardano
2025-01-25 00:00:00+00:00,104824.0313,105243.7891,104120.375,104714.6484,23888996502,BTC-USD,Bitcoin
2025-01-25 00:00:00+00:00,253.3663177,260.582489,246.6591187,256.0735779,5035419721,SOL-USD,Solana
2025-01-25 00:00:00+00:00,3.103425026,3.141712904,3.082717896,3.109705925,3304586596,XRP-USD,XRP
2025-01-25 00:00:00+00:00,3309.71167,3349.29834,3270.273193,3317.269531,13744316078,ETH-USD,Ethereum
2025-01-25 00:00:00+00:00,680.2141724,689.4597168,678.1116333,686.2684937,1457363671,BNB-USD,BNB
2025-01-26 00:00:00+00:00,0.977271974,0.999212027,0.954855978,0.954855978,558478883,ADA-USD,Cardano
2025-01-26 00:00:00+00:00,104713.2109,105438.6484,102507.7109,102682.5,22543395879,BTC-USD,Bitcoin
2025-01-26 00:00:00+00:00,256.0738831,259.634491,240.8524323,240.8834534,4178231600,SOL-USD,Solana
2025-01-26 00:00:00+00:00,3.10970211,3.141088963,3.023400068,3.026227951,3480601702,XRP-USD,XRP
2025-01-26 00:00:00+00:00,3317.291504,3359.3125,3233.922119,3236.134277,14471528757,ETH-USD,Ethereum
2025-01-26 00:00:00+00:00,686.269165,690.3150024,665.0410156,666.7637939,1529267261,BNB-USD,BNB
2025-01-27 00:00:00+00:00,0.954820991,0.956807971,0.86876601,0.932942986,1388103697,ADA-USD,Cardano
2025-01-27 00:00:00+00:00,102680.3047,103214.1094,97795.9375,102087.6875,89006608428,BTC-USD,Bitcoin
2025-01-27 00:00:00+00:00,240.8853302,242.4290161,221.9753265,235.0744476,10736630238,SOL-USD,Solana
2025-01-27 00:00:00+00:00,3.026278019,3.053670883,2.708482981,3.053184986,15974106216,XRP-USD,XRP
2025-01-27 00:00:00+00:00,3235.855225,3250.396484,3024.091553,3178.92041,39412486482,ETH-USD,Ethereum
2025-01-27 00:00:00+00:00,666.7637939,679.9133301,639.9559937,679.793335,2295184879,BNB-USD,BNB
2025-01-28 00:00:00+00:00,0.932951987,0.967073023,0.905054986,0.916114986,768281216,ADA-USD,Cardano
2025-01-28 00:00:00+00:00,102095.4141,103730.8203,100238.1875,101332.4766,47180685494,BTC-USD,Bitcoin
2025-01-28 00:00:00+00:00,235.0729675,243.8947754,225.2598572,227.2039642,5105320114,SOL-USD,Solana
2025-01-28 00:00:00+00:00,3.0532341,3.209089041,3.011394024,3.061120033,9497347683,XRP-USD,XRP
2025-01-28 00:00:00+00:00,3179.086914,3222.737305,3040.092285,3077.112549,20718206194,ETH-USD,Ethereum
2025-01-28 00:00:00+00:00,679.793335,682.8566895,659.5821533,661.4245605,1659082131,BNB-USD,BNB
2025-01-29 00:00:00+00:00,0.916109025,0.958360016,0.905219972,0.941127002,819481985,ADA-USD,Cardano
2025-01-29 00:00:00+00:00,101317.5234,104750.8047,101283.8203,103703.2109,47432049818,BTC-USD,Bitcoin
2025-01-29 00:00:00+00:00,227.2027893,237.7097626,222.9235077,227.944931,5385638692,SOL-USD,Solana
2025-01-29 00:00:00+00:00,3.061098099,3.127434969,2.976758003,3.068294048,6882287654,XRP-USD,XRP
2025-01-29 00:00:00+00:00,3076.380127,3177.980469,3055.181641,3112.999023,22727786058,ETH-USD,Ethereum
2025-01-29 00:00:00+00:00,661.4260254,678.9920654,660.2319946,667.68573,1716776649,BNB-USD,BNB
2025-01-30 00:00:00+00:00,0.941142976,0.98624903,0.938697994,0.961013973,626612172,ADA-USD,Cardano
2025-01-30 00:00:00+00:00,103709.3359,106418.7656,103321.6484,104735.3047,41915744521,BTC-USD,Bitcoin
2025-01-30 00:00:00+00:00,227.9530487,244.3259583,227.137619,239.0231476,4636567306,SOL-USD,Solana
2025-01-30 00:00:00+00:00,3.068402052,3.151330948,3.053314924,3.131068945,4868674752,XRP-USD,XRP
2025-01-30 00:00:00+00:00,3113.289795,3282.986328,3093.123779,3247.780029,19958405782,ETH-USD,Ethereum
2025-01-30 00:00:00+00:00,667.7298584,682.324707,666.6491699,677.5535889,1506319921,BNB-USD,BNB
2025-01-31 00:00:00+00:00,0.961006999,0.981896996,0.936859012,0.942228973,700669655,ADA-USD,Cardano
2025-01-31 00:00:00+00:00,104737.5625,106026.3516,101543.8828,102405.0234,45732764360,BTC-USD,Bitcoin
2025-01-31 00:00:00+00:00,239.0166931,241.6665955,228.4788361,231.6379089,4043216055,SOL-USD,Solana
2025-01-31 00:00:00+00:00,3.131045103,3.13113308,3.006484985,3.035419941,4520254155,XRP-USD,XRP
2025-01-31 00:00:00+00:00,3247.867188,3437.569092,3214.935547,3298.265137,30128115902,ETH-USD,Ethereum
2025-01-31 00:00:00+00:00,677.557251,689.2151489,673.793457,677.3753662,1589542506,BNB-USD,BNB
2025-02-01 00:00:00+00:00,0.942228973,0.956053972,0.890940011,0.897943974,576044613,ADA-USD,Cardano
2025-02-01 00:00:00+00:00,102402.7969,102755.7266,100297.7109,100655.9063,27757944848,BTC-USD,Bitcoin
2025-02-01 00:00:00+00:00,231.6406097,233.8638306,213.4364014,213.7850189,3546350864,SOL-USD,Solana
2025-02-01 00:00:00+00:00,3.035398006,3.068511009,2.838140965,2.884469032,4886927800,XRP-USD,XRP
2025-02-01 00:00:00+00:00,3298.822266,3329.655273,3103.918945,3118.328613,19917507079,ETH-USD,Ethereum
2025-02-01 00:00:00+00:00,677.3399048,681.2196045,651.1262207,653.4329224,1544346912,BNB-USD,BNB
2025-02-02 00:00:00+00:00,0.897934973,0.909726977,0.77107501,0.801739991,1554294076,ADA-USD,Cardano
2025-02-02 00:00:00+00:00,100661.5391,101430.6641,96216.07813,97688.97656,63091816853,BTC-USD,Bitcoin
2025-02-02 00:00:00+00:00,213.7809448,218.3843842,195.449234,203.1196289,8432593480,SOL-USD,Solana
2025-02-02 00:00:00+00:00,2.884463072,2.952874899,2.4869349,2.579794884,15654662798,XRP-USD,XRP
2025-02-02 00:00:00+00:00,3118.611572,3161.894287,2755.474609,2868.692871,42060930305,ETH-USD,Ethereum
2025-02-02 00:00:00+00:00,653.4325562,662.633728,602.7611694,617.600647,2282982721,BNB-USD,BNB
2025-02-03 00:00:00+00:00,0.801752985,0.822995007,0.564836979,0.811559021,4694160143,ADA-USD,Cardano
2025-02-03 00:00:00+00:00,97681.10156,102514.1719,91242.89063,101405.4219,1.15E+11,BTC-USD,Bitcoin
2025-02-03 00:00:00+00:00,203.1215057,218.6476898,180.4093018,216.1495819,15260840772,SOL-USD,Solana
2025-02-03 00:00:00+00:00,2.579794884,2.779850006,1.948621035,2.701155901,36745099581,XRP-USD,XRP
2025-02-03 00:00:00+00:00,2868.078613,2919.477295,2159.280518,2884.56665,92453553253,ETH-USD,Ethereum
2025-02-03 00:00:00+00:00,617.600647,619.1079712,519.1922607,617.1207886,3960962742,BNB-USD,BNB
2025-02-04 00:00:00+00:00,0.811562002,0.81843102,0.719025016,0.746343017,1601678503,ADA-USD,Cardano
2025-02-04 00:00:00+00:00,101398.7188,101745.6172,96208.10938,97871.82031,73002130211,BTC-USD,Bitcoin
2025-02-04 00:00:00+00:00,216.1505127,219.9958801,202.8488464,207.09198,7328632702,SOL-USD,Solana
2025-02-04 00:00:00+00:00,2.701308966,2.776644945,2.435539961,2.535424948,14154535566,XRP-USD,XRP
2025-02-04 00:00:00+00:00,2883.818359,2888.25,2636.165771,2735.05127,48795275985,ETH-USD,Ethereum
2025-02-04 00:00:00+00:00,617.1207886,619.3443604,559.2634888,573.3278198,2336864401,BNB-USD,BNB
2025-02-05 00:00:00+00:00,0.746330976,0.774088025,0.728945971,0.733209014,840128547,ADA-USD,Cardano
2025-02-05 00:00:00+00:00,97878.00781,99113.21094,96174.82813,96615.44531,49125911241,BTC-USD,Bitcoin
2025-02-05 00:00:00+00:00,207.0771027,209.3187561,195.3905792,195.9881439,3826498437,SOL-USD,Solana
2025-02-05 00:00:00+00:00,2.535368919,2.56715703,2.356647968,2.38231492,7724989243,XRP-USD,XRP
2025-02-05 00:00:00+00:00,2735.22583,2824.400146,2701.10498,2787.779053,31960764447,ETH-USD,Ethereum
2025-02-05 00:00:00+00:00,573.3278198,578.9624023,562.0692749,569.7468872,1494467850,BNB-USD,BNB
2025-02-06 00:00:00+00:00,0.733126998,0.764653027,0.702133,0.705061972,844784492,ADA-USD,Cardano
2025-02-06 00:00:00+00:00,96610.64063,99168.60938,95707.35156,96593.29688,45302471947,BTC-USD,Bitcoin
2025-02-06 00:00:00+00:00,195.9863892,203.8878174,188.1655273,189.7724915,3936545265,SOL-USD,Solana
2025-02-06 00:00:00+00:00,2.382257938,2.464688063,2.292329073,2.326879978,7292152784,XRP-USD,XRP
2025-02-06 00:00:00+00:00,2787.658691,2857.14209,2662.445801,2688.400879,29500645692,ETH-USD,Ethereum
2025-02-06 00:00:00+00:00,569.7468872,589.0063477,569.5974121,572.2740479,1722558011,BNB-USD,BNB
2025-02-07 00:00:00+00:00,0.705053985,0.750020027,0.692476988,0.707093,940384129,ADA-USD,Cardano
2025-02-07 00:00:00+00:00,96581.32031,100154.1406,95653.88281,96529.08594,55741290456,BTC-USD,Bitcoin
2025-02-07 00:00:00+00:00,189.7577057,203.150528,188.4807434,192.2046509,4593806344,SOL-USD,Solana
2025-02-07 00:00:00+00:00,2.326895952,2.533868074,2.283989906,2.393583059,9288664505,XRP-USD,XRP
2025-02-07 00:00:00+00:00,2688.897461,2798.028809,2564.968262,2622.211182,29526663418,ETH-USD,Ethereum
2025-02-07 00:00:00+00:00,572.2747192,589.6243286,571.2775269,578.0668335,1583843573,BNB-USD,BNB
2025-02-08 00:00:00+00:00,0.707095027,0.714856982,0.684750974,0.701848984,553879408,ADA-USD,Cardano
2025-02-08 00:00:00+00:00,96533.25781,96877.80469,95702.49219,96482.45313,22447526395,BTC-USD,Bitcoin
2025-02-08 00:00:00+00:00,192.2025452,200.8319702,190.1287689,199.5998993,2387525186,SOL-USD,Solana
2025-02-08 00:00:00+00:00,2.393625021,2.433852911,2.355741978,2.424376011,3995500228,XRP-USD,XRP
2025-02-08 00:00:00+00:00,2623.001953,2665.484619,2591.778564,2632.30835,17059263074,ETH-USD,Ethereum
2025-02-08 00:00:00+00:00,578.0668335,633.0552368,574.0418701,613.3242188,2087349099,BNB-USD,BNB
2025-02-09 00:00:00+00:00,0.701776028,0.712637007,0.654056013,0.682700992,679645670,ADA-USD,Cardano
2025-02-09 00:00:00+00:00,96481.3125,97325.28125,94745.25781,96500.09375,27732901800,BTC-USD,Bitcoin
2025-02-09 00:00:00+00:00,199.589798,207.2746429,194.2413177,200.4975586,3380872965,SOL-USD,Solana
2025-02-09 00:00:00+00:00,2.424350023,2.504376888,2.318233967,2.396939993,4806376236,XRP-USD,XRP
2025-02-09 00:00:00+00:00,2632.578125,2695.222412,2530.435791,2628.721191,17517088276,ETH-USD,Ethereum
2025-02-09 00:00:00+00:00,613.3242188,647.7876587,603.4038696,616.6420898,2630256614,BNB-USD,BNB
2025-02-10 00:00:00+00:00,0.682772994,0.716280997,0.665602982,0.710693002,751114200,ADA-USD,Cardano
2025-02-10 00:00:00+00:00,96499.46094,98333.21875,95320.84375,97437.55469,40078962391,BTC-USD,Bitcoin
2025-02-10 00:00:00+00:00,200.4982452,208.8274994,196.3807678,200.3563538,4106376694,SOL-USD,Solana
2025-02-10 00:00:00+00:00,2.396914959,2.469441891,2.330207109,2.422696114,4740495321,XRP-USD,XRP
2025-02-10 00:00:00+00:00,2628.650146,2692.808594,2564.018555,2661.166748,19414208113,ETH-USD,Ethereum
2025-02-10 00:00:00+00:00,616.6420898,621.4203491,597.0648193,618.3145142,1860480297,BNB-USD,BNB
2025-02-11 00:00:00+00:00,0.710741997,0.815918982,0.710741997,0.779398978,1813731044,ADA-USD,Cardano
2025-02-11 00:00:00+00:00,97438.13281,98492.89844,94875.03906,95747.42969,37488783272,BTC-USD,Bitcoin
2025-02-11 00:00:00+00:00,200.3589172,205.9241943,195.3215027,197.9823608,3907611299,SOL-USD,Solana
2025-02-11 00:00:00+00:00,2.422748089,2.525392056,2.376360893,2.414216042,5368991525,XRP-USD,XRP
2025-02-11 00:00:00+00:00,2661.315674,2724.902344,2565.397217,2602.781982,21156550492,ETH-USD,Ethereum
2025-02-11 00:00:00+00:00,618.3145142,646.0993042,615.6916504,642.5872803,2162944541,BNB-USD,BNB
2025-02-12 00:00:00+00:00,0.779394984,0.805073977,0.752803028,0.799224019,1231175669,ADA-USD,Cardano
2025-02-12 00:00:00+00:00,95745.69531,98151.02344,94101.20313,97885.85938,49340445530,BTC-USD,Bitcoin
2025-02-12 00:00:00+00:00,197.9838562,198.4498138,189.608429,196.7738037,4290836657,SOL-USD,Solana
2025-02-12 00:00:00+00:00,2.414218903,2.490575075,2.349436045,2.472835064,5462469809,XRP-USD,XRP
2025-02-12 00:00:00+00:00,2602.828125,2794.867432,2551.174561,2736.9021,26919387954,ETH-USD,Ethereum
2025-02-12 00:00:00+00:00,642.5872803,704.7020264,627.5713501,698.0373535,3007130370,BNB-USD,BNB
2025-02-13 00:00:00+00:00,0.799236,0.826901972,0.772017002,0.810742021,840300501,ADA-USD,Cardano
2025-02-13 00:00:00+00:00,97888.75,98111.08594,95269.71094,96623.86719,37147280860,BTC-USD,Bitcoin
2025-02-13 00:00:00+00:00,196.7738037,198.2607574,189.4277191,194.4609528,2755407329,SOL-USD,Solana
2025-02-13 00:00:00+00:00,2.472842932,2.596129894,2.424654007,2.56251502,5041669574,XRP-USD,XRP
2025-02-13 00:00:00+00:00,2737.028564,2756.443359,2615.667725,2675.902588,19481004625,ETH-USD,Ethereum
2025-02-13 00:00:00+00:00,698.0373535,730.8347168,660.6467285,668.2775269,5139846836,BNB-USD,BNB
2025-02-14 00:00:00+00:00,0.810710013,0.827078998,0.793139994,0.800507009,787635175,ADA-USD,Cardano
2025-02-14 00:00:00+00:00,96623.36719,98819.46875,96342.80469,97508.96875,32697987277,BTC-USD,Bitcoin
2025-02-14 00:00:00+00:00,194.4545593,205.1250153,194.3540497,199.9356689,3732334277,SOL-USD,Solana
2025-02-14 00:00:00+00:00,2.562501907,2.828270912,2.535259962,2.74019599,8841598608,XRP-USD,XRP
2025-02-14 00:00:00+00:00,2675.939453,2790.023682,2666.268066,2726.091553,17732289901,ETH-USD,Ethereum
2025-02-14 00:00:00+00:00,668.2775269,683.999939,652.4675903,658.0436401,2581045409,BNB-USD,BNB
2025-02-15 00:00:00+00:00,0.800513983,0.812938988,0.777199984,0.781109989,493874835,ADA-USD,Cardano
2025-02-15 00:00:00+00:00,97508.38281,97975.03906,97240.19531,97580.35156,17047266288,BTC-USD,Bitcoin
2025-02-15 00:00:00+00:00,199.8867798,200.0533905,192.8137817,194.4820862,1869221857,SOL-USD,Solana
2025-02-15 00:00:00+00:00,2.740087032,2.827311039,2.721854925,2.761578083,4633704309,XRP-USD,XRP
2025-02-15 00:00:00+00:00,2726.074707,2738.681152,2668.531738,2693.559814,10803019357,ETH-USD,Ethereum
2025-02-15 00:00:00+00:00,658.0436401,670.7623291,654.4702759,662.3276978,1794465917,BNB-USD,BNB
2025-02-16 00:00:00+00:00,0.781111002,0.786801994,0.764741004,0.772005022,448477194,ADA-USD,Cardano
2025-02-16 00:00:00+00:00,97580.49219,97725.59375,96060.97656,96175.03125,16536755396,BTC-USD,Bitcoin
2025-02-16 00:00:00+00:00,194.4811554,196.0703125,186.9798737,188.4864044,2160799161,SOL-USD,Solana
2025-02-16 00:00:00+00:00,2.761552095,2.802282095,2.700206995,2.727824926,3431117272,XRP-USD,XRP
2025-02-16 00:00:00+00:00,2693.5625,2724.096436,2655.297607,2663.315918,10593602117,ETH-USD,Ethereum
2025-02-16 00:00:00+00:00,662.3275757,685.0858765,654.3810425,674.1008301,2009553142,BNB-USD,BNB
2025-02-17 00:00:00+00:00,0.772001028,0.826916993,0.771862984,0.808025002,1041802036,ADA-USD,Cardano
2025-02-17 00:00:00+00:00,96179.00781,97032.23438,95243.54688,95773.38281,27336550690,BTC-USD,Bitcoin
2025-02-17 00:00:00+00:00,188.4852142,189.5065002,175.2635498,177.689743,4345262539,SOL-USD,Solana
2025-02-17 00:00:00+00:00,2.728055,2.761447906,2.613455057,2.658273935,4782836287,XRP-USD,XRP
2025-02-17 00:00:00+00:00,2663.229492,2848.78418,2640.182129,2743.199707,24170425078,ETH-USD,Ethereum
2025-02-17 00:00:00+00:00,674.1008301,681.6255493,659.2930908,667.2290649,1942930816,BNB-USD,BNB
2025-02-18 00:00:00+00:00,0.808107018,0.812538028,0.738184988,0.752363026,905917139,ADA-USD,Cardano
2025-02-18 00:00:00+00:00,95773.8125,96695.375,93388.83594,95539.54688,37325720482,BTC-USD,Bitcoin
2025-02-18 00:00:00+00:00,177.6886139,178.9460754,161.3054504,169.0842896,6684824301,SOL-USD,Solana
2025-02-18 00:00:00+00:00,2.658251047,2.666670084,2.473329067,2.558877945,5357974219,XRP-USD,XRP
2025-02-18 00:00:00+00:00,2743.022949,2754.676758,2606.900391,2669.338867,23004152928,ETH-USD,Ethereum
2025-02-18 00:00:00+00:00,667.2362061,667.7595215,630.6552734,647.4433594,1985512627,BNB-USD,BNB
2025-02-19 00:00:00+00:00,0.752364993,0.774720013,0.737249017,0.77294302,706077594,ADA-USD,Cardano
2025-02-19 00:00:00+00:00,95532.53125,96855.59375,95011.96875,96635.60938,28990872862,BTC-USD,Bitcoin
2025-02-19 00:00:00+00:00,169.085434,174.1214752,163.9593964,169.0108032,3717681436,SOL-USD,Solana
2025-02-19 00:00:00+00:00,2.558952093,2.744010925,2.517393112,2.740801096,5175151198,XRP-USD,XRP
2025-02-19 00:00:00+00:00,2669.213379,2735.917725,2656.375732,2715.770996,15272401903,ETH-USD,Ethereum
2025-02-19 00:00:00+00:00,647.4436035,659.9885864,638.1408691,653.5147095,1916599180,BNB-USD,BNB
2025-02-20 00:00:00+00:00,0.77293998,0.81042999,0.771717012,0.804473996,688006862,ADA-USD,Cardano
2025-02-20 00:00:00+00:00,96632.67969,98767.19531,96442.67188,98333.9375,31668022771,BTC-USD,Bitcoin
2025-02-20 00:00:00+00:00,169.0053406,176.5881348,167.8734589,176.0488892,3347070717,SOL-USD,Solana
2025-02-20 00:00:00+00:00,2.740808964,2.744910955,2.673609972,2.690828085,4310522382,XRP-USD,XRP
2025-02-20 00:00:00+00:00,2715.682617,2770.030518,2708.216064,2740.386475,15917259320,ETH-USD,Ethereum
2025-02-20 00:00:00+00:00,653.5147095,658.9291382,646.6703491,657.2009888,1709065792,BNB-USD,BNB
2025-02-21 00:00:00+00:00,0.804463983,0.81694001,0.752117991,0.761371017,951661847,ADA-USD,Cardano
2025-02-21 00:00:00+00:00,98340.67188,99497.96875,94852.96094,96125.54688,49608706470,BTC-USD,Bitcoin
2025-02-21 00:00:00+00:00,176.0350037,180.43396,167.305069,168.8916321,4684370707,SOL-USD,Solana
2025-02-21 00:00:00+00:00,2.690787077,2.709012032,2.512485027,2.570139885,5895816750,XRP-USD,XRP
2025-02-21 00:00:00+00:00,2740.022217,2842.827148,2616.919434,2659.655518,31441524621,ETH-USD,Ethereum
2025-02-21 00:00:00+00:00,657.2009888,668.0032959,635.3399048,646.8995361,1926193637,BNB-USD,BNB
2025-02-22 00:00:00+00:00,0.761371017,0.782660007,0.758590996,0.774451971,530696926,ADA-USD,Cardano
2025-02-22 00:00:00+00:00,96134.20313,96950.15625,95765.34375,96577.75781,18353824477,BTC-USD,Bitcoin
2025-02-22 00:00:00+00:00,168.8916321,174.4655914,168.3674316,172.1628571,2026581266,SOL-USD,Solana
2025-02-22 00:00:00+00:00,2.570148945,2.607469082,2.556184053,2.575706005,2384435690,XRP-USD,XRP
2025-02-22 00:00:00+00:00,2660.035889,2797.057861,2653.867432,2764.029297,16403164397,ETH-USD,Ethereum
2025-02-22 00:00:00+00:00,646.8995361,679.123291,645.6533813,668.5747681,1899367077,BNB-USD,BNB
2025-02-23 00:00:00+00:00,0.774451017,0.78699702,0.761466026,0.770040989,495111534,ADA-USD,Cardano
2025-02-23 00:00:00+00:00,96577.80469,96671.875,95270.45313,96273.92188,16999478976,BTC-USD,Bitcoin
2025-02-23 00:00:00+00:00,172.1634674,173.0360565,166.627655,168.0381165,1621130854,SOL-USD,Solana
2025-02-23 00:00:00+00:00,2.575706005,2.596978903,2.523690939,2.57701993,2469949788,XRP-USD,XRP
2025-02-23 00:00:00+00:00,2764.031006,2850.610352,2746.773682,2821.310303,20493767269,ETH-USD,Ethereum
2025-02-23 00:00:00+00:00,668.5744629,671.0719604,648.9799194,657.9036865,1502735946,BNB-USD,BNB
2025-02-24 00:00:00+00:00,0.770039976,0.775588989,0.680666983,0.682201982,960897545,ADA-USD,Cardano
2025-02-24 00:00:00+00:00,96277.96094,96503.45313,91371.74219,91418.17188,44046480529,BTC-USD,Bitcoin
2025-02-24 00:00:00+00:00,168.0381165,169.5624847,140.5665131,141.9894867,7062261489,SOL-USD,Solana
2025-02-24 00:00:00+00:00,2.577012062,2.600455999,2.2705369,2.277929068,7075894526,XRP-USD,XRP
2025-02-24 00:00:00+00:00,2820.456299,2839.01001,2478.899414,2513.821289,29127380459,ETH-USD,Ethereum
2025-02-24 00:00:00+00:00,657.9036865,659.1483154,612.821228,613.9630127,1901201673,BNB-USD,BNB
2025-02-25 00:00:00+00:00,0.682211995,0.693037987,0.633810997,0.682582021,1317817123,ADA-USD,Cardano
2025-02-25 00:00:00+00:00,91437.11719,92511.07813,86008.23438,88736.17188,92139104128,BTC-USD,Bitcoin
2025-02-25 00:00:00+00:00,141.9923401,146.7398682,132.4858398,144.1077576,9341433919,SOL-USD,Solana
2025-02-25 00:00:00+00:00,2.277945995,2.357906103,2.075191021,2.320717096,13317860642,XRP-USD,XRP
2025-02-25 00:00:00+00:00,2514.210938,2529.669189,2326.63208,2493.592529,40044790246,ETH-USD,Ethereum
2025-02-25 00:00:00+00:00,613.9630127,627.2440186,589.2698364,622.9407959,2591258749,BNB-USD,BNB
2025-02-26 00:00:00+00:00,0.682586014,0.693576992,0.63498199,0.645038009,869010894,ADA-USD,Cardano
2025-02-26 00:00:00+00:00,88638.89063,89286.25,82131.89844,84347.02344,64597492134,BTC-USD,Bitcoin
2025-02-26 00:00:00+00:00,144.0999603,144.8746796,130.6910706,134.8313293,4916419994,SOL-USD,Solana
2025-02-26 00:00:00+00:00,2.320730925,2.324918985,2.154009104,2.192435026,6752125996,XRP-USD,XRP
2025-02-26 00:00:00+00:00,2493.381592,2503.422119,2255.054932,2331.452637,28815111323,ETH-USD,Ethereum
2025-02-26 00:00:00+00:00,622.9407959,630.8197632,595.2650146,610.6930542,1996066325,BNB-USD,BNB
2025-02-27 00:00:00+00:00,0.645053029,0.67810899,0.628422022,0.645585001,683537664,ADA-USD,Cardano
2025-02-27 00:00:00+00:00,84076.85938,87000.78125,83144.96094,84704.22656,52659591954,BTC-USD,Bitcoin
2025-02-27 00:00:00+00:00,134.831604,142.1814728,134.7297363,137.6208038,3723520943,SOL-USD,Solana
2025-02-27 00:00:00+00:00,2.192450047,2.253855944,2.14901495,2.198647976,4837539998,XRP-USD,XRP
2025-02-27 00:00:00+00:00,2331.510254,2378.087402,2230.448242,2305.484375,24286213447,ETH-USD,Ethereum
2025-02-27 00:00:00+00:00,610.6930542,618.6282349,595.800293,605.1236572,1866447677,BNB-USD,BNB
2025-02-28 00:00:00+00:00,0.645581007,0.645609975,0.58218801,0.633050978,1102255137,ADA-USD,Cardano
2025-02-28 00:00:00+00:00,84705.625,85036.32031,78248.91406,84373.00781,83610570576,BTC-USD,Bitcoin
2025-02-28 00:00:00+00:00,137.6207733,148.1838379,125.742218,148.030014,7544673033,SOL-USD,Solana
2025-02-28 00:00:00+00:00,2.198640108,2.198640108,1.957407951,2.145595074,8544047699,XRP-USD,XRP
2025-02-28 00:00:00+00:00,2305.560059,2310.949219,2076.169922,2237.905273,35737904667,ETH-USD,Ethereum
2025-02-28 00:00:00+00:00,605.1236572,605.4012451,559.970459,587.4515991,2166029990,BNB-USD,BNB
2025-03-01 00:00:00+00:00,0.633051991,0.674651027,0.626733005,0.659264982,585631597,ADA-USD,Cardano
2025-03-01 00:00:00+00:00,84373.86719,86522.30469,83794.23438,86031.91406,29190628396,BTC-USD,Bitcoin
2025-03-01 00:00:00+00:00,148.0302124,150.7871552,138.6846771,143.675705,3305410077,SOL-USD,Solana
2025-03-01 00:00:00+00:00,2.145608902,2.212392092,2.122924089,2.190603018,3300928949,XRP-USD,XRP
2025-03-01 00:00:00+00:00,2237.942139,2279.873047,2144.090088,2216.643311,16135258239,ETH-USD,Ethereum
2025-03-01 00:00:00+00:00,587.4458008,608.8959351,586.5928345,607.5115356,1694454521,BNB-USD,BNB
2025-03-02 00:00:00+00:00,0.659283996,1.134268045,0.646118999,1.129503012,7647921820,ADA-USD,Cardano
2025-03-02 00:00:00+00:00,86036.25781,95043.4375,85040.21094,94248.35156,58398341092,BTC-USD,Bitcoin
2025-03-02 00:00:00+00:00,143.6767273,178.5085602,140.2975769,178.4954987,11540413390,SOL-USD,Solana
2025-03-02 00:00:00+00:00,2.190593958,2.966720104,2.177359104,2.936942101,17441097426,XRP-USD,XRP
2025-03-02 00:00:00+00:00,2216.521729,2548.811768,2175.321533,2519.69458,34854193845,ETH-USD,Ethereum
2025-03-02 00:00:00+00:00,607.5109253,634.5426636,602.6329956,622.9360962,2130538305,BNB-USD,BNB
2025-03-03 00:00:00+00:00,1.129526019,1.134212971,0.838194013,0.855264008,7028104831,ADA-USD,Cardano
2025-03-03 00:00:00+00:00,94248.42188,94429.75,85081.30469,86065.67188,70072228536,BTC-USD,Bitcoin
2025-03-03 00:00:00+00:00,178.4952393,178.6346436,139.7901001,142.0210876,9241009702,SOL-USD,Solana
2025-03-03 00:00:00+00:00,2.937047005,2.943916082,2.3117311,2.385741949,14497390960,XRP-USD,XRP
2025-03-03 00:00:00+00:00,2519.531006,2522.31665,2097.076172,2145.573975,31473561910,ETH-USD,Ethereum
2025-03-03 00:00:00+00:00,622.9360962,623.2995605,568.5407104,575.1699829,2161303026,BNB-USD,BNB
2025-03-04 00:00:00+00:00,0.855261981,0.950257003,0.768489003,0.941277027,5400303546,ADA-USD,Cardano
2025-03-04 00:00:00+00:00,86064.07031,88911.27344,81529.24219,87222.19531,68095241474,BTC-USD,Bitcoin
2025-03-04 00:00:00+00:00,142.0331879,146.3964691,131.5734711,144.9165802,8035056091,SOL-USD,Solana
2025-03-04 00:00:00+00:00,2.385715008,2.516110897,2.229871035,2.455146074,11265947031,XRP-USD,XRP
2025-03-04 00:00:00+00:00,2145.652832,2220.358643,1996.767578,2170.015137,33935738380,ETH-USD,Ethereum
2025-03-04 00:00:00+00:00,575.1699829,587.8701782,551.6925049,583.586853,1969539538,BNB-USD,BNB
2025-03-05 00:00:00+00:00,0.941245973,1.015056968,0.919651985,0.975355983,3945666181,ADA-USD,Cardano
2025-03-05 00:00:00+00:00,87222.95313,90998.24219,86379.77344,90623.5625,50498988027,BTC-USD,Bitcoin
2025-03-05 00:00:00+00:00,144.918808,149.4854736,140.5968628,146.2673035,4501939048,SOL-USD,Solana
2025-03-05 00:00:00+00:00,2.455154896,2.533040047,2.41812396,2.500509024,6075953089,XRP-USD,XRP
2025-03-05 00:00:00+00:00,2169.986816,2272.797363,2156.099365,2241.977295,22105432727,ETH-USD,Ethereum
2025-03-05 00:00:00+00:00,583.5859985,604.5371704,581.3215332,597.9758301,1534770591,BNB-USD,BNB
2025-03-06 00:00:00+00:00,0.975364029,0.978465021,0.888291001,0.907552004,2621972377,ADA-USD,Cardano
2025-03-06 00:00:00+00:00,90622.35938,92804.9375,87852.14063,89961.72656,47749810486,BTC-USD,Bitcoin
2025-03-06 00:00:00+00:00,146.2706604,152.7792511,142.7803955,143.3552246,4204376336,SOL-USD,Solana
2025-03-06 00:00:00+00:00,2.500550032,2.638425112,2.474239111,2.601728916,6907451109,XRP-USD,XRP
2025-03-06 00:00:00+00:00,2241.906494,2319.39624,2177.677002,2202.476807,18509069102,ETH-USD,Ethereum
2025-03-06 00:00:00+00:00,597.9758301,612.031311,589.8913574,596.7237549,1621101888,BNB-USD,BNB
2025-03-07 00:00:00+00:00,0.907552004,0.912688971,0.811595023,0.816799998,3480876480,ADA-USD,Cardano
2025-03-07 00:00:00+00:00,89963.28125,91191.04688,84717.67969,86742.67188,65945677657,BTC-USD,Bitcoin
2025-03-07 00:00:00+00:00,143.3552246,150.0232544,135.7171631,139.209137,6090751623,SOL-USD,Solana
2025-03-07 00:00:00+00:00,2.601728916,2.610049009,2.35701108,2.381623983,9796404399,XRP-USD,XRP
2025-03-07 00:00:00+00:00,2202.498291,2254.232422,2103.472656,2138.987549,22425792863,ETH-USD,Ethereum
2025-03-07 00:00:00+00:00,596.7236938,609.4311523,579.3677979,593.9633789,1866542048,BNB-USD,BNB
2025-03-08 00:00:00+00:00,0.816799998,0.836214006,0.796832025,0.80469197,1184834509,ADA-USD,Cardano
2025-03-08 00:00:00+00:00,86742.65625,86847.26563,85247.48438,86154.59375,18206118081,BTC-USD,Bitcoin
2025-03-08 00:00:00+00:00,139.209137,140.9045715,135.4829712,136.9420776,2270939562,SOL-USD,Solana
2025-03-08 00:00:00+00:00,2.381602049,2.406409979,2.309607983,2.323438883,3722945467,XRP-USD,XRP
2025-03-08 00:00:00+00:00,2139.797852,2232.327148,2107.728027,2201.510254,10533204814,ETH-USD,Ethereum
2025-03-08 00:00:00+00:00,593.9637451,601.6478882,591.7102051,593.0808716,1147671365,BNB-USD,BNB
2025-03-09 00:00:00+00:00,0.80467999,0.815675974,0.712827981,0.720148981,1597453600,ADA-USD,Cardano
2025-03-09 00:00:00+00:00,86154.30469,86471.13281,80052.48438,80601.03906,30899345977,BTC-USD,Bitcoin
2025-03-09 00:00:00+00:00,136.9428253,139.725769,125.9357147,126.4354324,3429886567,SOL-USD,Solana
2025-03-09 00:00:00+00:00,2.323426008,2.348783016,2.090982914,2.134576082,6156171771,XRP-USD,XRP
2025-03-09 00:00:00+00:00,2201.70874,2210.313721,1991.193481,2015.509155,16103964994,ETH-USD,Ethereum
2025-03-09 00:00:00+00:00,593.0823975,593.0997314,551.1481323,554.5804443,1540503120,BNB-USD,BNB
2025-03-10 00:00:00+00:00,0.720148981,0.773769021,0.661107004,0.672596991,1891557329,ADA-USD,Cardano
2025-03-10 00:00:00+00:00,80597.14844,83955.92969,77420.59375,78532,54061099422,BTC-USD,Bitcoin
2025-03-10 00:00:00+00:00,126.4354324,131.2409515,115.9178925,118.291748,5519806938,SOL-USD,Solana
2025-03-10 00:00:00+00:00,2.13447094,2.251698971,2.000524044,2.018294096,8000109431,XRP-USD,XRP
2025-03-10 00:00:00+00:00,2015.43042,2150.706299,1812.766846,1861.151367,35005066442,ETH-USD,Ethereum
2025-03-10 00:00:00+00:00,554.5804443,572.050354,524.9960938,532.1218872,1896805158,BNB-USD,BNB
2025-03-11 00:00:00+00:00,0.672594011,0.741270006,0.653644979,0.722586989,1875965762,ADA-USD,Cardano
2025-03-11 00:00:00+00:00,78523.875,83577.75781,76624.25,82862.21094,54702837196,BTC-USD,Bitcoin
2025-03-11 00:00:00+00:00,118.2916718,128.1488647,113.189209,125.2639465,5259428587,SOL-USD,Solana
2025-03-11 00:00:00+00:00,2.01819396,2.208201885,1.916589975,2.166915894,8214014406,XRP-USD,XRP
2025-03-11 00:00:00+00:00,1859.77771,1961.797729,1760.941772,1919.844971,30898385863,ETH-USD,Ethereum
2025-03-11 00:00:00+00:00,532.1062012,565.1582031,509.8356934,551.4745483,2438043846,BNB-USD,BNB
2025-03-12 00:00:00+00:00,0.722634017,0.761473,0.712580025,0.735444009,1355643740,ADA-USD,Cardano
2025-03-12 00:00:00+00:00,82857.375,84358.57813,80635.25,83722.35938,40353484454,BTC-USD,Bitcoin
2025-03-12 00:00:00+00:00,125.2619019,130.6551056,121.3675613,126.5832443,4112201839,SOL-USD,Solana
2025-03-12 00:00:00+00:00,2.166928053,2.258831978,2.142062902,2.240755081,6420912776,XRP-USD,XRP
2025-03-12 00:00:00+00:00,1919.664795,1954.571167,1832.019043,1908.982666,22898872951,ETH-USD,Ethereum
2025-03-12 00:00:00+00:00,551.4745483,574.4215698,545.2668457,569.8948364,1792696031,BNB-USD,BNB
2025-03-13 00:00:00+00:00,0.735444009,0.738389015,0.692560017,0.702288985,1195241317,ADA-USD,Cardano
2025-03-13 00:00:00+00:00,83724.92188,84301.69531,79931.85156,81066.70313,31412940153,BTC-USD,Bitcoin
2025-03-13 00:00:00+00:00,126.5832443,128.1586304,120.9094772,123.2861481,2871050068,SOL-USD,Solana
2025-03-13 00:00:00+00:00,2.240745068,2.337981939,2.218756914,2.251008034,5570837343,XRP-USD,XRP
2025-03-13 00:00:00+00:00,1909.015381,1919.688232,1823.525391,1862.969604,17977225564,ETH-USD,Ethereum
2025-03-13 00:00:00+00:00,569.8948364,603.4050293,568.1260376,579.218811,2402408414,BNB-USD,BNB
2025-03-14 00:00:00+00:00,0.702287018,0.748353004,0.699853003,0.738316,1015277074,ADA-USD,Cardano
2025-03-14 00:00:00+00:00,81066.99219,85263.28906,80797.5625,83969.10156,29588112414,BTC-USD,Bitcoin
2025-03-14 00:00:00+00:00,123.2865982,135.6434784,123.1171494,133.3144836,3161542602,SOL-USD,Solana
2025-03-14 00:00:00+00:00,2.251004934,2.383318901,2.240080118,2.356442928,4318754070,XRP-USD,XRP
2025-03-14 00:00:00+00:00,1862.997925,1945.091431,1861.105957,1909.467529,12122715282,ETH-USD,Ethereum
2025-03-14 00:00:00+00:00,579.218811,589.163208,577.246521,587.1362915,1535548122,BNB-USD,BNB
2025-03-15 00:00:00+00:00,0.738310993,0.758419991,0.733142018,0.748288989,720758317,ADA-USD,Cardano
2025-03-15 00:00:00+00:00,83968.40625,84672.67188,83639.59375,84343.10938,13650491277,BTC-USD,Bitcoin
2025-03-15 00:00:00+00:00,133.3132477,136.4813385,132.5599518,135.9125366,1844463215,SOL-USD,Solana
2025-03-15 00:00:00+00:00,2.356430054,2.471757889,2.356360912,2.393238068,3638758922,XRP-USD,XRP
2025-03-15 00:00:00+00:00,1909.528076,1955.238403,1904.965698,1937.394653,6456484591,ETH-USD,Ethereum
2025-03-15 00:00:00+00:00,587.1140747,619.4995117,587.0839844,619.486084,1403335470,BNB-USD,BNB
2025-03-16 00:00:00+00:00,0.748277009,0.748278022,0.699038982,0.705763996,807154727,ADA-USD,Cardano
2025-03-16 00:00:00+00:00,84333.32031,85051.60156,82017.90625,82579.6875,21330270174,BTC-USD,Bitcoin
2025-03-16 00:00:00+00:00,135.9167938,136.4689941,125.3874054,125.9881058,2456569508,SOL-USD,Solana
2025-03-16 00:00:00+00:00,2.393275023,2.408523083,2.274576902,2.29786706,3890457149,XRP-USD,XRP
2025-03-16 00:00:00+00:00,1937.384766,1940.474365,1863.489014,1887.435059,9292997638,ETH-USD,Ethereum
2025-03-16 00:00:00+00:00,619.4927368,621.3615112,593.9570923,602.2166138,1437680152,BNB-USD,BNB
2025-03-17 00:00:00+00:00,0.705753982,0.72912401,0.705269992,0.718092024,756343011,ADA-USD,Cardano
2025-03-17 00:00:00+00:00,82576.33594,84725.32813,82492.15625,84075.6875,25092785558,BTC-USD,Bitcoin
2025-03-17 00:00:00+00:00,125.9874191,130.5268707,125.8619003,128.1637115,2487364373,SOL-USD,Solana
2025-03-17 00:00:00+00:00,2.297801018,2.375943899,2.295511961,2.340637922,3457455337,XRP-USD,XRP
2025-03-17 00:00:00+00:00,1887.449219,1951.625977,1880.484375,1927.00293,10436892087,ETH-USD,Ethereum
2025-03-17 00:00:00+00:00,602.2096558,643.0403442,602.2096558,631.3626099,2488514984,BNB-USD,BNB
2025-03-18 00:00:00+00:00,0.718089998,0.718132973,0.683981001,0.702081025,697365412,ADA-USD,Cardano
2025-03-18 00:00:00+00:00,84075.71875,84075.71875,81179.99219,82718.5,24095774594,BTC-USD,Bitcoin
2025-03-18 00:00:00+00:00,128.1613464,128.1613464,121.9445343,125.3126984,2534317858,SOL-USD,Solana
2025-03-18 00:00:00+00:00,2.340630054,2.340630054,2.226325035,2.286959887,3485953021,XRP-USD,XRP
2025-03-18 00:00:00+00:00,1927.005737,1935.182007,1872.508911,1932.543457,10170844746,ETH-USD,Ethereum
2025-03-18 00:00:00+00:00,631.3464966,642.888855,622.4001465,628.1344604,2175151767,BNB-USD,BNB
2025-03-19 00:00:00+00:00,0.702084005,0.746021986,0.701272011,0.744199991,1096739941,ADA-USD,Cardano
2025-03-19 00:00:00+00:00,82718.80469,87021.1875,82569.72656,86854.22656,34931960257,BTC-USD,Bitcoin
2025-03-19 00:00:00+00:00,125.3122864,135.9255219,124.2973251,135.5725098,3539287974,SOL-USD,Solana
2025-03-19 00:00:00+00:00,2.286950111,2.572793961,2.269165039,2.545840979,9591487009,XRP-USD,XRP
2025-03-19 00:00:00+00:00,1932.544556,2068.764404,1928.249512,2057.749023,20065206266,ETH-USD,Ethereum
2025-03-19 00:00:00+00:00,628.1344604,628.1376343,605.6179199,619.2575073,2006233746,BNB-USD,BNB
2025-03-20 00:00:00+00:00,0.744231999,0.752234995,0.713539004,0.717517018,850609830,ADA-USD,Cardano
2025-03-20 00:00:00+00:00,86872.95313,87443.26563,83647.19531,84167.19531,29028988961,BTC-USD,Bitcoin
2025-03-20 00:00:00+00:00,135.5741577,135.7726135,126.8535767,127.4971848,2469659459,SOL-USD,Solana
2025-03-20 00:00:00+00:00,2.545851946,2.550710917,2.394331932,2.434674025,4976516822,XRP-USD,XRP
2025-03-20 00:00:00+00:00,2057.951172,2067.483643,1952.243286,1982.099854,13217865782,ETH-USD,Ethereum
2025-03-20 00:00:00+00:00,619.2509766,637.2163696,616.9637451,629.9424438,2327219768,BNB-USD,BNB
2025-03-21 00:00:00+00:00,0.717489004,0.726101995,0.701754987,0.705116987,660902108,ADA-USD,Cardano
2025-03-21 00:00:00+00:00,84164.53906,84782.27344,83171.07031,84043.24219,19030452299,BTC-USD,Bitcoin
2025-03-21 00:00:00+00:00,127.4988556,129.9562378,124.9773712,128.4303131,2370317364,SOL-USD,Solana
2025-03-21 00:00:00+00:00,2.43461895,2.46300292,2.35957098,2.379277945,3433230669,XRP-USD,XRP
2025-03-21 00:00:00+00:00,1981.853027,1994.891479,1937.211548,1964.847534,9708125480,ETH-USD,Ethereum
2025-03-21 00:00:00+00:00,629.9424438,637.1900635,625.8570557,634.6077881,1472201311,BNB-USD,BNB
2025-03-22 00:00:00+00:00,0.705120027,0.715205014,0.699122012,0.700941026,458125954,ADA-USD,Cardano
2025-03-22 00:00:00+00:00,84046.25781,84513.875,83674.78125,83832.48438,9863214091,BTC-USD,Bitcoin
2025-03-22 00:00:00+00:00,128.4299316,131.5761871,127.9325562,128.4849854,1442831196,SOL-USD,Solana
2025-03-22 00:00:00+00:00,2.379303932,2.413165092,2.362138033,2.369823933,1778187863,XRP-USD,XRP
2025-03-22 00:00:00+00:00,1964.94043,2005.041138,1964.270996,1980.037842,6117036512,ETH-USD,Ethereum
2025-03-22 00:00:00+00:00,634.5969849,635.7655029,624.1967163,626.5744019,1182741851,BNB-USD,BNB
2025-03-23 00:00:00+00:00,0.700941026,0.715165019,0.693253994,0.709508002,585188487,ADA-USD,Cardano
2025-03-23 00:00:00+00:00,83831.89844,86094.78125,83794.91406,86054.375,12594615537,BTC-USD,Bitcoin
2025-03-23 00:00:00+00:00,128.4844818,133.9619598,128.3422546,132.5993195,1711242607,SOL-USD,Solana
2025-03-23 00:00:00+00:00,2.369822025,2.435880899,2.367010117,2.435492992,2107624036,XRP-USD,XRP
2025-03-23 00:00:00+00:00,1979.983643,2019.889404,1977.709351,2005.299194,7522339707,ETH-USD,Ethereum
2025-03-23 00:00:00+00:00,626.5744019,628.9656372,619.8584595,623.3494873,1222239081,BNB-USD,BNB
2025-03-24 00:00:00+00:00,0.709502995,0.744033992,0.706749022,0.730994999,894622894,ADA-USD,Cardano
2025-03-24 00:00:00+00:00,86070.92969,88758.72656,85541.19531,87498.91406,34582604933,BTC-USD,Bitcoin
2025-03-24 00:00:00+00:00,132.5993195,144.8830872,132.1618042,140.869278,4207560020,SOL-USD,Solana
2025-03-24 00:00:00+00:00,2.435466051,2.501594067,2.415477991,2.448162079,3272338535,XRP-USD,XRP
2025-03-24 00:00:00+00:00,2005.718384,2101.983398,1978.763794,2077.479004,14044912402,ETH-USD,Ethereum
2025-03-24 00:00:00+00:00,623.3494873,639.022583,619.0501709,636.6445313,1788439257,BNB-USD,BNB
2025-03-25 00:00:00+00:00,0.730996013,0.765339971,0.722232997,0.745199978,1066564498,ADA-USD,Cardano
2025-03-25 00:00:00+00:00,87512.82031,88542.39844,86346.07813,87471.70313,30005840049,BTC-USD,Bitcoin
2025-03-25 00:00:00+00:00,140.8747253,147.0579987,138.3466797,143.8170776,3585353324,SOL-USD,Solana
2025-03-25 00:00:00+00:00,2.448174,2.471913099,2.410208941,2.451349974,2722132222,XRP-USD,XRP
2025-03-25 00:00:00+00:00,2078.568115,2096.518311,2038.644531,2067.76416,11735658914,ETH-USD,Ethereum
2025-03-25 00:00:00+00:00,636.6449585,644.8742676,627.4440918,629.9428711,2238118522,BNB-USD,BNB
2025-03-26 00:00:00+00:00,0.745193005,0.772781014,0.721930981,0.728061974,937295461,ADA-USD,Cardano
2025-03-26 00:00:00+00:00,87460.23438,88292.15625,85861.45313,86900.88281,26704046038,BTC-USD,Bitcoin
2025-03-26 00:00:00+00:00,143.8170776,145.3684845,136.1363525,137.2885742,3083070981,SOL-USD,Solana
2025-03-26 00:00:00+00:00,2.451337099,2.476166964,2.331583023,2.349087954,3341723418,XRP-USD,XRP
2025-03-26 00:00:00+00:00,2067.508789,2078.369141,1982.412354,2009.189331,13178523590,ETH-USD,Ethereum
2025-03-26 00:00:00+00:00,629.9423828,634.0476685,615.84552,617.8167725,1600178624,BNB-USD,BNB
2025-03-27 00:00:00+00:00,0.728076994,0.743596971,0.722759008,0.737671971,574512540,ADA-USD,Cardano
2025-03-27 00:00:00+00:00,86896.25781,87786.72656,85837.9375,87177.10156,24413471941,BTC-USD,Bitcoin
2025-03-27 00:00:00+00:00,137.2909546,140.1745148,135.9222107,138.3473816,2660348034,SOL-USD,Solana
2025-03-27 00:00:00+00:00,2.349071026,2.388458014,2.307169914,2.338274002,2687267004,XRP-USD,XRP
2025-03-27 00:00:00+00:00,2008.940552,2037.396118,1987.717773,2002.357422,11593274543,ETH-USD,Ethereum
2025-03-27 00:00:00+00:00,617.8167725,641.489624,617.6777954,637.2069702,2441273622,BNB-USD,BNB
2025-03-28 00:00:00+00:00,0.737672985,0.744844973,0.690665007,0.705551028,789537387,ADA-USD,Cardano
2025-03-28 00:00:00+00:00,87185.23438,87489.85938,83557.64063,84353.14844,34198619509,BTC-USD,Bitcoin
2025-03-28 00:00:00+00:00,138.3472443,138.9528198,127.9809418,129.4231567,3532896573,SOL-USD,Solana
2025-03-28 00:00:00+00:00,2.338340998,2.340759993,2.159485102,2.204137087,4373544995,XRP-USD,XRP
2025-03-28 00:00:00+00:00,2002.410522,2015.454346,1863.01062,1895.50293,18160526498,ETH-USD,Ethereum
2025-03-28 00:00:00+00:00,637.2064209,637.2418823,615.9251099,619.4749146,1608298526,BNB-USD,BNB
2025-03-29 00:00:00+00:00,0.705549002,0.711185992,0.661185026,0.673922002,643130134,ADA-USD,Cardano
2025-03-29 00:00:00+00:00,84352.07031,84567.33594,81634.14063,82597.58594,16969396135,BTC-USD,Bitcoin
2025-03-29 00:00:00+00:00,129.4245148,130.3805084,123.0738907,124.5876465,2253256988,SOL-USD,Solana
2025-03-29 00:00:00+00:00,2.204145908,2.221370935,2.064733982,2.139949083,3914811653,XRP-USD,XRP
2025-03-29 00:00:00+00:00,1895.549683,1911.900879,1799.200806,1827.320313,12194771785,ETH-USD,Ethereum
2025-03-29 00:00:00+00:00,619.4746094,623.2124023,598.218811,603.237854,1367332800,BNB-USD,BNB
2025-03-30 00:00:00+00:00,0.673909009,0.686721981,0.652099013,0.66070801,489882249,ADA-USD,Cardano
2025-03-30 00:00:00+00:00,82596.98438,83505,81573.25,82334.52344,14763760943,BTC-USD,Bitcoin
2025-03-30 00:00:00+00:00,124.5864868,126.6233902,123.3007584,124.6426315,1639017444,SOL-USD,Solana
2025-03-30 00:00:00+00:00,2.139998913,2.21103406,2.111093044,2.136142969,2826918737,XRP-USD,XRP
2025-03-30 00:00:00+00:00,1827.311035,1847.570557,1769.41272,1806.218628,9854857162,ETH-USD,Ethereum
2025-03-30 00:00:00+00:00,603.1913452,612.7893677,594.2143555,601.8302002,1204098085,BNB-USD,BNB
2025-03-31 00:00:00+00:00,0.660696983,0.663721979,0.631210029,0.661446989,754677195,ADA-USD,Cardano
2025-03-31 00:00:00+00:00,82336.0625,83870.125,81293.89063,82548.91406,29004228247,BTC-USD,Bitcoin
2025-03-31 00:00:00+00:00,124.6440277,127.6968994,123.0792389,124.6941299,3206702485,SOL-USD,Solana
2025-03-31 00:00:00+00:00,2.136142015,2.137319088,2.027241945,2.089896917,4506662719,XRP-USD,XRP
2025-03-31 00:00:00+00:00,1806.316528,1852.551392,1778.692261,1823.47998,15765030938,ETH-USD,Ethereum
2025-03-31 00:00:00+00:00,601.8302002,608.5010986,588.0861816,605.0728149,1538796118,BNB-USD,BNB
2025-04-01 00:00:00+00:00,0.661445975,0.69262898,0.659115016,0.677654982,688019564,ADA-USD,Cardano
2025-04-01 00:00:00+00:00,82551.92188,85487.36719,82429.35938,85169.17188,28175650319,BTC-USD,Bitcoin
2025-04-01 00:00:00+00:00,124.6953354,130.0324249,123.9490433,126.6823807,2993289339,SOL-USD,Solana
2025-04-01 00:00:00+00:00,2.089926004,2.192725897,2.068234921,2.139611006,4034254494,XRP-USD,XRP
2025-04-01 00:00:00+00:00,1823.562378,1926.302979,1820.350342,1905.491455,15001220420,ETH-USD,Ethereum
2025-04-01 00:00:00+00:00,605.0728149,618.1237793,604.7547607,611.2971191,2091803391,BNB-USD,BNB
2025-04-02 00:00:00+00:00,0.677648008,0.705628991,0.637178004,0.641638994,969234908,ADA-USD,Cardano
2025-04-02 00:00:00+00:00,85180.60938,88466.95313,82343.53906,82485.71094,47584398470,BTC-USD,Bitcoin
2025-04-02 00:00:00+00:00,126.6796036,135.6957855,117.744278,117.7576294,5399672438,SOL-USD,Solana
2025-04-02 00:00:00+00:00,2.139590025,2.221313,1.991119027,2.025067091,5687620993,XRP-USD,XRP
2025-04-02 00:00:00+00:00,1905.484619,1951.180298,1782.760254,1795.313232,22593742104,ETH-USD,Ethereum
2025-04-02 00:00:00+00:00,611.2971191,611.5181885,585.1218872,590.6375732,1835749587,BNB-USD,BNB
2025-04-03 00:00:00+00:00,0.64160198,0.656239986,0.615222991,0.650058985,873870076,ADA-USD,Cardano
2025-04-03 00:00:00+00:00,82487.47656,83909.29688,81282.10156,83102.82813,36852112080,BTC-USD,Bitcoin
2025-04-03 00:00:00+00:00,117.7491989,120.7898254,112.4782639,117.0614548,4633002432,SOL-USD,Solana
2025-04-03 00:00:00+00:00,2.024998903,2.079863071,1.965805054,2.062467098,5385004807,XRP-USD,XRP
2025-04-03 00:00:00+00:00,1794.976074,1844.071045,1751.380859,1815.637207,16450974373,ETH-USD,Ethereum
2025-04-03 00:00:00+00:00,590.6375732,609.3446655,579.4440918,592.1244507,2067033502,BNB-USD,BNB
2025-04-04 00:00:00+00:00,0.650062978,0.668531001,0.629685998,0.660449028,934938981,ADA-USD,Cardano
2025-04-04 00:00:00+00:00,83100.25,84696.14844,81670.75,83843.80469,45157640207,BTC-USD,Bitcoin
2025-04-04 00:00:00+00:00,117.0648117,123.9006042,113.6032333,122.7868805,5182517335,SOL-USD,Solana
2025-04-04 00:00:00+00:00,2.062434912,2.15062499,2.022510052,2.128959894,5503342771,XRP-USD,XRP
2025-04-04 00:00:00+00:00,1815.609863,1833.956787,1760.588623,1815.335205,18061720814,ETH-USD,Ethereum
2025-04-04 00:00:00+00:00,592.1237183,599.4798584,585.3539429,597.5794067,1520730677,BNB-USD,BNB
2025-04-05 00:00:00+00:00,0.660435975,0.666401982,0.645754993,0.654671013,403628594,ADA-USD,Cardano
2025-04-05 00:00:00+00:00,83844.70313,84207.01563,82377.73438,83504.79688,14380803631,BTC-USD,Bitcoin
2025-04-05 00:00:00+00:00,122.7864304,122.786911,117.1888046,120.2589951,1667996329,SOL-USD,Solana
2025-04-05 00:00:00+00:00,2.128952026,2.170936108,2.114684105,2.143731117,2089759530,XRP-USD,XRP
2025-04-05 00:00:00+00:00,1815.344971,1826.298584,1767.51355,1805.973267,6374712479,ETH-USD,Ethereum
2025-04-05 00:00:00+00:00,597.5792847,598.5463257,589.9329834,593.1148682,1008300251,BNB-USD,BNB
2025-04-06 00:00:00+00:00,0.654671013,0.654762983,0.561787009,0.572793007,943427756,ADA-USD,Cardano
2025-04-06 00:00:00+00:00,83504.50781,83704.71875,77097.74219,78214.48438,36294853736,BTC-USD,Bitcoin
2025-04-06 00:00:00+00:00,120.2585068,120.9326782,104.0041275,105.7120132,3822458629,SOL-USD,Solana
2025-04-06 00:00:00+00:00,2.143723011,2.156483889,1.869135022,1.917894959,5158671865,XRP-USD,XRP
2025-04-06 00:00:00+00:00,1805.963013,1815.574829,1539.437988,1576.728027,22154445576,ETH-USD,Ethereum
2025-04-06 00:00:00+00:00,593.1387939,593.4614868,545.3226929,554.5949097,1679604717,BNB-USD,BNB
2025-04-07 00:00:00+00:00,0.57280302,0.59661901,0.516225994,0.58543098,1985606963,ADA-USD,Cardano
2025-04-07 00:00:00+00:00,78221.33594,81119.0625,74436.67969,79235.33594,91262424987,BTC-USD,Bitcoin
2025-04-07 00:00:00+00:00,105.7120132,111.4719849,96.5880661,106.9027786,8644174246,SOL-USD,Solana
2025-04-07 00:00:00+00:00,1.917894959,1.992879987,1.640087962,1.897753954,14383598177,XRP-USD,XRP
2025-04-07 00:00:00+00:00,1576.949829,1634.041138,1415.373535,1555.240967,46073959047,ETH-USD,Ethereum
2025-04-07 00:00:00+00:00,554.5949097,564.7924194,522.7157593,554.4833984,2852045942,BNB-USD,BNB
2025-04-08 00:00:00+00:00,0.585434973,0.616657019,0.554425001,0.557887971,1249643862,ADA-USD,Cardano
2025-04-08 00:00:00+00:00,79218.47656,80823.89063,76198.02344,76271.95313,48314590749,BTC-USD,Bitcoin
2025-04-08 00:00:00+00:00,106.9052658,112.2989349,103.1445236,105.5121918,5353641480,SOL-USD,Solana
2025-04-08 00:00:00+00:00,1.897753954,1.966045976,1.782009006,1.794567943,6468324898,XRP-USD,XRP
2025-04-08 00:00:00+00:00,1554.932129,1617.339844,1447.610107,1472.553101,21315312919,ETH-USD,Ethereum
2025-04-08 00:00:00+00:00,554.4859009,564.9382324,548.1412354,553.4674072,1676208165,BNB-USD,BNB
2025-04-09 00:00:00+00:00,0.557869017,0.643826008,0.538013995,0.631676972,1648147581,ADA-USD,Cardano
2025-04-09 00:00:00+00:00,76273.5625,83541,74589.67188,82573.95313,84213627038,BTC-USD,Bitcoin
2025-04-09 00:00:00+00:00,105.5095901,120.4707718,101.4347382,119.0575409,7096350476,SOL-USD,Solana
2025-04-09 00:00:00+00:00,1.79450202,2.086500883,1.725613952,2.051738024,9381130206,XRP-USD,XRP
2025-04-09 00:00:00+00:00,1472.60144,1687.187988,1386.799316,1668.040039,39252195855,ETH-USD,Ethereum
2025-04-09 00:00:00+00:00,553.4674072,585.6036987,534.8805542,582.3693237,1963610005,BNB-USD,BNB
2025-04-10 00:00:00+00:00,0.631694019,0.632384002,0.588096023,0.609387994,921990046,ADA-USD,Cardano
2025-04-10 00:00:00+00:00,82565.97656,82700.92969,78456.13281,79626.14063,44718000633,BTC-USD,Bitcoin
2025-04-10 00:00:00+00:00,119.0622864,119.0825577,108.6016922,112.8039246,4310698523,SOL-USD,Solana
2025-04-10 00:00:00+00:00,2.05175209,2.052753925,1.928295016,1.966482043,4463765886,XRP-USD,XRP
2025-04-10 00:00:00+00:00,1668.201782,1669.394165,1474.914185,1522.518799,21379604307,ETH-USD,Ethereum
2025-04-10 00:00:00+00:00,582.3781738,582.3907471,567.2200928,577.4059448,1731740429,BNB-USD,BNB
2025-04-11 00:00:00+00:00,0.609395027,0.636654973,0.606639028,0.624167025,837897601,ADA-USD,Cardano
2025-04-11 00:00:00+00:00,79625.04688,84247.47656,78936.32031,83404.83594,41656778779,BTC-USD,Bitcoin
2025-04-11 00:00:00+00:00,112.8073196,122.3985901,112.1864243,121.5323792,3953610468,SOL-USD,Solana
2025-04-11 00:00:00+00:00,1.966496944,2.061412096,1.950034976,2.023886919,3459211572,XRP-USD,XRP
2025-04-11 00:00:00+00:00,1522.473022,1587.538574,1505.001953,1567.14978,14871838813,ETH-USD,Ethereum
2025-04-11 00:00:00+00:00,577.4059448,589.8585205,575.7572632,586.0889893,1369541748,BNB-USD,BNB
2025-04-12 00:00:00+00:00,0.624166012,0.665910006,0.617717981,0.658851981,676334951,ADA-USD,Cardano
2025-04-12 00:00:00+00:00,83404.51563,85856.1875,82769.375,85287.10938,24258059104,BTC-USD,Bitcoin
2025-04-12 00:00:00+00:00,121.5326996,133.7588501,119.6593475,132.2605591,4089397536,SOL-USD,Solana
2025-04-12 00:00:00+00:00,2.023886919,2.171762943,2.004678965,2.158620119,3429390186,XRP-USD,XRP
2025-04-12 00:00:00+00:00,1567.155762,1666.017578,1546.81958,1643.528564,12110995013,ETH-USD,Ethereum
2025-04-12 00:00:00+00:00,586.0889893,600.0559082,583.9794922,597.1230469,1331878416,BNB-USD,BNB
2025-04-13 00:00:00+00:00,0.658855021,0.666316986,0.631859004,0.638074994,664262311,ADA-USD,Cardano
2025-04-13 00:00:00+00:00,85279.46875,86015.1875,83027.00781,83684.97656,28796984817,BTC-USD,Bitcoin
2025-04-13 00:00:00+00:00,132.2625885,133.5068359,125.5238647,128.5807953,3818650340,SOL-USD,Solana
2025-04-13 00:00:00+00:00,2.158632994,2.232383966,2.088103056,2.120198965,4220100049,XRP-USD,XRP
2025-04-13 00:00:00+00:00,1643.501099,1648.286743,1564.838867,1596.685791,13909890792,ETH-USD,Ethereum
2025-04-13 00:00:00+00:00,597.12323,597.5099487,580.8244629,584.0424805,1318461096,BNB-USD,BNB
2025-04-14 00:00:00+00:00,0.638072014,0.655695975,0.630066991,0.634873986,702462762,ADA-USD,Cardano
2025-04-14 00:00:00+00:00,83694.52344,85785,83690.64063,84542.39063,34090769777,BTC-USD,Bitcoin
2025-04-14 00:00:00+00:00,128.5781708,135.1869507,128.2328796,129.310379,4425565001,SOL-USD,Solana
2025-04-14 00:00:00+00:00,2.120218992,2.174261093,2.11046195,2.126754045,3284127480,XRP-USD,XRP
2025-04-14 00:00:00+00:00,1596.881836,1689.857544,1596.086548,1622.769897,16518325094,ETH-USD,Ethereum
2025-04-14 00:00:00+00:00,584.0424805,592.5643921,583.3970337,584.3352051,1359554984,BNB-USD,BNB
2025-04-15 00:00:00+00:00,0.634875,0.647499025,0.607762992,0.609162986,729833314,ADA-USD,Cardano
2025-04-15 00:00:00+00:00,84539.69531,86429.35156,83598.82031,83668.99219,28040322885,BTC-USD,Bitcoin
2025-04-15 00:00:00+00:00,129.3110199,134.1931915,126.1368637,126.2631302,3272094237,SOL-USD,Solana
2025-04-15 00:00:00+00:00,2.126733065,2.181261063,2.085259914,2.088548899,2948485956,XRP-USD,XRP
2025-04-15 00:00:00+00:00,1622.771851,1659.836182,1585.229126,1588.632446,13175452875,ETH-USD,Ethereum
2025-04-15 00:00:00+00:00,584.3346558,590.515686,579.6400757,579.6860352,1329270099,BNB-USD,BNB
2025-04-16 00:00:00+00:00,0.609162986,0.622561991,0.597330987,0.610418975,660642294,ADA-USD,Cardano
2025-04-16 00:00:00+00:00,83674.50781,85428.28125,83100.61719,84033.86719,29617804112,BTC-USD,Bitcoin
2025-04-16 00:00:00+00:00,126.2631226,133.5901184,123.7207565,131.4496918,4448562334,SOL-USD,Solana
2025-04-16 00:00:00+00:00,2.088495016,2.117894888,2.03973794,2.08324194,3572242595,XRP-USD,XRP
2025-04-16 00:00:00+00:00,1589.031006,1610.782104,1540.033813,1578.105347,15339621551,ETH-USD,Ethereum
2025-04-16 00:00:00+00:00,579.6860962,585.4108276,576.4592285,582.8062134,1435912484,BNB-USD,BNB
2025-04-17 00:00:00+00:00,0.610418975,0.629230976,0.609749019,0.616304994,459522026,ADA-USD,Cardano
2025-04-17 00:00:00+00:00,84030.67188,85449.07031,83749.75,84895.75,21276866029,BTC-USD,Bitcoin
2025-04-17 00:00:00+00:00,131.4502258,135.9093475,129.7330933,134.6987457,3504448606,SOL-USD,Solana
2025-04-17 00:00:00+00:00,2.083256006,2.112869024,2.055849075,2.066415071,2467503712,XRP-USD,XRP
2025-04-17 00:00:00+00:00,1578.01416,1615.306885,1564.195679,1582.54834,11312160796,ETH-USD,Ethereum
2025-04-17 00:00:00+00:00,582.8062134,592.859314,581.2038574,590.1621704,1401643770,BNB-USD,BNB
2025-04-18 00:00:00+00:00,0.616304994,0.631321013,0.611155987,0.627444983,385441968,ADA-USD,Cardano
2025-04-18 00:00:00+00:00,84900.1875,85095.04688,84298.88281,84450.80469,12728372364,BTC-USD,Bitcoin
2025-04-18 00:00:00+00:00,134.7041931,135.8688965,132.5879974,134.0735016,2142264993,SOL-USD,Solana
2025-04-18 00:00:00+00:00,2.066447973,2.08732295,2.046036959,2.063527107,1886497381,XRP-USD,XRP
2025-04-18 00:00:00+00:00,1582.397217,1599.41687,1573.903931,1588.924683,7123507323,ETH-USD,Ethereum
2025-04-18 00:00:00+00:00,590.1621704,595.7663574,587.2661133,591.763855,1418376835,BNB-USD,BNB
2025-04-19 00:00:00+00:00,0.627444983,0.634082019,0.619772971,0.627954006,343946478,ADA-USD,Cardano
2025-04-19 00:00:00+00:00,84450.86719,85597.70313,84353.46094,85063.41406,15259300427,BTC-USD,Bitcoin
2025-04-19 00:00:00+00:00,134.0735016,140.0926056,133.6947632,139.7502594,2522912658,SOL-USD,Solana
2025-04-19 00:00:00+00:00,2.063520908,2.095434904,2.059360027,2.087320089,1445648293,XRP-USD,XRP
2025-04-19 00:00:00+00:00,1588.969727,1629.051514,1585.473022,1612.922852,7168138700,ETH-USD,Ethereum
2025-04-19 00:00:00+00:00,591.763855,594.1421509,587.9763794,591.7767944,1227124904,BNB-USD,BNB
2025-04-20 00:00:00+00:00,0.627946973,0.633912027,0.610517979,0.619781971,366085065,ADA-USD,Cardano
2025-04-20 00:00:00+00:00,85066.07031,85306.38281,83976.84375,85174.30469,14664050812,BTC-USD,Bitcoin
2025-04-20 00:00:00+00:00,139.7528992,141.830368,135.7714691,137.7745972,2796023398,SOL-USD,Solana
2025-04-20 00:00:00+00:00,2.087333918,2.092544079,2.040719986,2.077001095,1733159089,XRP-USD,XRP
2025-04-20 00:00:00+00:00,1612.966064,1618.436768,1566.691528,1587.514282,7642784469,ETH-USD,Ethereum
2025-04-20 00:00:00+00:00,591.7767944,595.1541138,587.7653809,592.9724121,1307477245,BNB-USD,BNB
2025-04-21 00:00:00+00:00,0.619781971,0.649205983,0.617649019,0.623939991,657464744,ADA-USD,Cardano
2025-04-21 00:00:00+00:00,85171.53906,88460.09375,85143.83594,87518.90625,41396190190,BTC-USD,Bitcoin
2025-04-21 00:00:00+00:00,137.7745972,142.6615906,134.1223602,136.7043915,4162691832,SOL-USD,Solana
2025-04-21 00:00:00+00:00,2.077001095,2.139087915,2.063260078,2.085515022,2746051225,XRP-USD,XRP
2025-04-21 00:00:00+00:00,1587.460938,1656.119629,1566.147461,1579.734497,15403785611,ETH-USD,Ethereum
2025-04-21 00:00:00+00:00,592.9724121,607.8202515,592.6761475,597.4141846,1430343137,BNB-USD,BNB
2025-04-22 00:00:00+00:00,0.623935997,0.683878005,0.618376017,0.680404007,857733017,ADA-USD,Cardano
2025-04-22 00:00:00+00:00,87521.875,93817.38281,87084.53125,93441.89063,55899038456,BTC-USD,Bitcoin
2025-04-22 00:00:00+00:00,136.7018433,149.9492493,135.3777618,148.7394104,4659792312,SOL-USD,Solana
2025-04-22 00:00:00+00:00,2.085496902,2.237869024,2.068902969,2.215472937,4054022421,XRP-USD,XRP
2025-04-22 00:00:00+00:00,1579.815186,1773.63916,1542.000366,1757.331665,23747917555,ETH-USD,Ethereum
2025-04-22 00:00:00+00:00,597.4171753,618.9900513,595.8809814,618.8269653,1734142941,BNB-USD,BNB
2025-04-23 00:00:00+00:00,0.68038702,0.715269029,0.678421974,0.697565973,971202640,ADA-USD,Cardano
2025-04-23 00:00:00+00:00,93427.58594,94535.73438,91962.96094,93699.10938,41719568821,BTC-USD,Bitcoin
2025-04-23 00:00:00+00:00,148.7400055,153.8687439,147.4507904,151.1527252,4699152180,SOL-USD,Solana
2025-04-23 00:00:00+00:00,2.215456963,2.299539089,2.197324991,2.217355967,5013426739,XRP-USD,XRP
2025-04-23 00:00:00+00:00,1757.196533,1829.709961,1746.924072,1796.104248,22904644756,ETH-USD,Ethereum
2025-04-23 00:00:00+00:00,618.8269653,619.8624878,601.9541626,605.8150024,1834047719,BNB-USD,BNB
2025-04-24 00:00:00+00:00,0.697566986,0.739090979,0.671491027,0.721826971,1033424969,ADA-USD,Cardano
2025-04-24 00:00:00+00:00,93692.39844,94016.19531,91696.71094,93943.79688,31483175315,BTC-USD,Bitcoin
2025-04-24 00:00:00+00:00,151.1539459,152.7540436,145.6613464,152.3036346,3903057847,SOL-USD,Solana
2025-04-24 00:00:00+00:00,2.21736002,2.22735095,2.123378038,2.204544067,4208222195,XRP-USD,XRP
2025-04-24 00:00:00+00:00,1795.979492,1801.691406,1724.740723,1769.831665,15207402759,ETH-USD,Ethereum
2025-04-24 00:00:00+00:00,605.8150024,606.7443237,594.3950806,601.7158203,1573943361,BNB-USD,BNB
2025-04-25 00:00:00+00:00,0.721978009,0.727706015,0.703352988,0.714141011,957571529,ADA-USD,Cardano
2025-04-25 00:00:00+00:00,93954.25,95768.39063,92898.59375,94720.5,40915232364,BTC-USD,Bitcoin
2025-04-25 00:00:00+00:00,152.3213501,156.0451813,150.1277924,150.9150085,4411923686,SOL-USD,Solana
2025-04-25 00:00:00+00:00,2.204540014,2.216888905,2.166887999,2.18305397,3279550205,XRP-USD,XRP
2025-04-25 00:00:00+00:00,1770.003662,1826.696045,1740.331909,1786.634521,17459399281,ETH-USD,Ethereum
2025-04-25 00:00:00+00:00,601.715271,610.1796265,597.7703247,600.1810303,1735398071,BNB-USD,BNB
2025-04-26 00:00:00+00:00,0.714115024,0.733142018,0.702369988,0.707521021,660103423,ADA-USD,Cardano
2025-04-26 00:00:00+00:00,94714.64844,95251.35938,93927.25,94646.92969,17612825123,BTC-USD,Bitcoin
2025-04-26 00:00:00+00:00,150.9172668,153.0195313,148.0374146,149.2893677,2128235815,SOL-USD,Solana
2025-04-26 00:00:00+00:00,2.183073997,2.245908022,2.182373047,2.193188906,2524845629,XRP-USD,XRP
2025-04-26 00:00:00+00:00,1786.532959,1839.363037,1781.473877,1821.881104,11926379867,ETH-USD,Ethereum
2025-04-26 00:00:00+00:00,600.1918945,609.1361084,600.0881958,607.7041016,1507509250,BNB-USD,BNB
2025-04-27 00:00:00+00:00,0.707512975,0.717032015,0.692461014,0.703975022,573620571,ADA-USD,Cardano
2025-04-27 00:00:00+00:00,94660.90625,95301.20313,93665.39844,93754.84375,18090367764,BTC-USD,Bitcoin
2025-04-27 00:00:00+00:00,149.2897034,150.208725,145.7666016,148.2458344,2015737709,SOL-USD,Solana
2025-04-27 00:00:00+00:00,2.193192959,2.290996075,2.163794994,2.25623703,3776527779,XRP-USD,XRP
2025-04-27 00:00:00+00:00,1822.175537,1856.443848,1785.9021,1792.86499,11321944113,ETH-USD,Ethereum
2025-04-27 00:00:00+00:00,607.7041016,608.5829468,597.9349976,603.6184692,1452152303,BNB-USD,BNB
2025-04-28 00:00:00+00:00,0.703979015,0.728191018,0.684347987,0.70547998,895129397,ADA-USD,Cardano
2025-04-28 00:00:00+00:00,93755.30469,95598.49219,92860.80469,94978.75,32363449569,BTC-USD,Bitcoin
2025-04-28 00:00:00+00:00,148.245163,153.2077026,144.891449,147.8099365,3819502747,SOL-USD,Solana
2025-04-28 00:00:00+00:00,2.25623703,2.352191925,2.227089882,2.295137882,4354002634,XRP-USD,XRP
2025-04-28 00:00:00+00:00,1792.446167,1827.4823,1747.726807,1798.851807,17043640437,ETH-USD,Ethereum
2025-04-28 00:00:00+00:00,603.6246338,608.1511841,598.9937134,606.3649902,1478956158,BNB-USD,BNB
2025-04-29 00:00:00+00:00,0.70547998,0.717634022,0.690316021,0.696330011,839231770,ADA-USD,Cardano
2025-04-29 00:00:00+00:00,94981.85938,95485.41406,93796.63281,94284.78906,25806129921,BTC-USD,Bitcoin
2025-04-29 00:00:00+00:00,147.8099365,150.0441895,145.1693268,146.4278717,2872743502,SOL-USD,Solana
2025-04-29 00:00:00+00:00,2.295111895,2.311781883,2.223885059,2.240801096,2889426361,XRP-USD,XRP
2025-04-29 00:00:00+00:00,1798.912231,1842.033081,1782.28125,1799.175659,14734257744,ETH-USD,Ethereum
2025-04-29 00:00:00+00:00,606.3649902,610.6404419,598.6602783,601.0289917,1587553456,BNB-USD,BNB
2025-04-30 00:00:00+00:00,0.696330011,0.70283097,0.666894019,0.681930006,664786586,ADA-USD,Cardano
2025-04-30 00:00:00+00:00,94286.46875,95249.32031,92979.64063,94207.3125,28344679831,BTC-USD,Bitcoin
2025-04-30 00:00:00+00:00,146.4274902,148.2092896,140.7120972,147.6432037,3017472875,SOL-USD,Solana
2025-04-30 00:00:00+00:00,2.240792036,2.258281946,2.129767895,2.191556931,3691303521,XRP-USD,XRP
2025-04-30 00:00:00+00:00,1799.209106,1816.689941,1736.142944,1793.775391,14810431362,ETH-USD,Ethereum
2025-04-30 00:00:00+00:00,601.0189819,604.4778442,592.4177856,599.6817017,1504095222,BNB-USD,BNB
2025-05-01 00:00:00+00:00,0.681935012,0.713802993,0.681825995,0.705434024,602107137,ADA-USD,Cardano
2025-05-01 00:00:00+00:00,94212.85938,97437.96094,94153.63281,96492.33594,32875889623,BTC-USD,Bitcoin
2025-05-01 00:00:00+00:00,147.6449738,153.8659058,147.6129761,150.8465881,3224541533,SOL-USD,Solana
2025-05-01 00:00:00+00:00,2.191571951,2.254980087,2.191128016,2.214162111,2221046439,XRP-USD,XRP
2025-05-01 00:00:00+00:00,1794.041016,1872.939575,1793.151123,1839.221558,15861442721,ETH-USD,Ethereum
2025-05-01 00:00:00+00:00,599.6871948,605.1372681,598.4885864,599.9182129,1406049035,BNB-USD,BNB
2025-05-02 00:00:00+00:00,0.705434978,0.724341989,0.690073013,0.698041975,690154754,ADA-USD,Cardano
2025-05-02 00:00:00+00:00,96494.96875,97905.89844,96375.94531,96910.07031,26421924677,BTC-USD,Bitcoin
2025-05-02 00:00:00+00:00,150.8431396,151.7317047,147.45224,148.0500336,2823970426,SOL-USD,Solana
2025-05-02 00:00:00+00:00,2.214168072,2.23882103,2.19492197,2.209830999,2148434217,XRP-USD,XRP
2025-05-02 00:00:00+00:00,1839.174805,1869.530029,1814.730469,1842.707886,13570171872,ETH-USD,Ethereum
2025-05-02 00:00:00+00:00,599.9290161,603.5050659,595.8296509,601.1641846,1444818831,BNB-USD,BNB
2025-05-03 00:00:00+00:00,0.698041975,0.728357017,0.692714989,0.701026976,778920755,ADA-USD,Cardano
2025-05-03 00:00:00+00:00,96904.63281,96943.88281,95821.28906,95891.79688,15775154889,BTC-USD,Bitcoin
2025-05-03 00:00:00+00:00,148.0498505,148.9594574,146.1094971,146.796051,1567415096,SOL-USD,Solana
2025-05-03 00:00:00+00:00,2.2098279,2.219218016,2.180974007,2.18836689,1427745527,XRP-USD,XRP
2025-05-03 00:00:00+00:00,1842.71814,1848.246826,1812.815674,1833.839722,8344452620,ETH-USD,Ethereum
2025-05-03 00:00:00+00:00,601.1643677,601.2944336,595.5932007,599.3313599,1221915136,BNB-USD,BNB
2025-05-04 00:00:00+00:00,0.701026976,0.713371992,0.673389971,0.676692009,704179966,ADA-USD,Cardano
2025-05-04 00:00:00+00:00,95877.1875,96318.92188,94173.42969,94315.97656,18198688416,BTC-USD,Bitcoin
2025-05-04 00:00:00+00:00,146.7959595,147.6825104,143.8224182,143.9830627,1636835620,SOL-USD,Solana
2025-05-04 00:00:00+00:00,2.188364029,2.215387106,2.154179096,2.157794952,1606676574,XRP-USD,XRP
2025-05-04 00:00:00+00:00,1833.647217,1849.998535,1804.495117,1808.594238,8918979887,ETH-USD,Ethereum
2025-05-04 00:00:00+00:00,599.3313599,600.4434814,585.3081055,585.9950562,1306600030,BNB-USD,BNB
2025-05-05 00:00:00+00:00,0.676692009,0.689791977,0.655997992,0.662976027,699151297,ADA-USD,Cardano
2025-05-05 00:00:00+00:00,94319.5625,95193.1875,93566.26563,94748.05469,25816260327,BTC-USD,Bitcoin
2025-05-05 00:00:00+00:00,143.9859314,147.6165924,142.8998871,146.69664,2238980623,SOL-USD,Solana
2025-05-05 00:00:00+00:00,2.157764912,2.193536997,2.10958004,2.135608912,2518838395,XRP-USD,XRP
2025-05-05 00:00:00+00:00,1808.704956,1832.050781,1783.314819,1819.69751,11389336489,ETH-USD,Ethereum
2025-05-05 00:00:00+00:00,585.9950562,599.8522339,584.6096802,597.6897583,1465943685,BNB-USD,BNB
2025-05-06 00:00:00+00:00,0.662976027,0.679970026,0.644629002,0.678381979,592765534,ADA-USD,Cardano
2025-05-06 00:00:00+00:00,94748.38281,96889.17969,93399.85938,96802.47656,26551275827,BTC-USD,Bitcoin
2025-05-06 00:00:00+00:00,146.6957703,147.0896454,141.6705322,146.7664032,2728680947,SOL-USD,Solana
2025-05-06 00:00:00+00:00,2.135531902,2.157809973,2.080542088,2.155430079,2458675034,XRP-USD,XRP
2025-05-06 00:00:00+00:00,1819.734009,1820.796631,1753.31543,1815.087524,13206516310,ETH-USD,Ethereum
2025-05-06 00:00:00+00:00,597.6897583,602.9686279,593.598999,602.473877,1594251780,BNB-USD,BNB
2025-05-07 00:00:00+00:00,0.678367019,0.687839985,0.65653801,0.67118597,615619795,ADA-USD,Cardano
2025-05-07 00:00:00+00:00,96800.19531,97625.80469,95829.33594,97032.32031,76983822462,BTC-USD,Bitcoin
2025-05-07 00:00:00+00:00,146.7668915,149.3398438,144.8827057,147.2137451,4316881378,SOL-USD,Solana
2025-05-07 00:00:00+00:00,2.155345917,2.169723034,2.108920097,2.126171112,3808556620,XRP-USD,XRP
2025-05-07 00:00:00+00:00,1815.018921,1849.658447,1788.687378,1811.606689,50540755039,ETH-USD,Ethereum
2025-05-07 00:00:00+00:00,602.473877,608.9858398,598.2972412,603.2796631,1537003234,BNB-USD,BNB
2025-05-08 00:00:00+00:00,0.671208024,0.768341005,0.67077601,0.766604006,1352507618,ADA-USD,Cardano
2025-05-08 00:00:00+00:00,97034.25,103969.5391,96913.875,103241.4609,69895404397,BTC-USD,Bitcoin
2025-05-08 00:00:00+00:00,147.2172699,163.9750519,147.2141876,163.9607849,6372889923,SOL-USD,Solana
2025-05-08 00:00:00+00:00,2.126173019,2.324671984,2.119313002,2.323184013,4714441484,XRP-USD,XRP
2025-05-08 00:00:00+00:00,1811.546387,2222.205566,1809.456909,2206.514648,37777245241,ETH-USD,Ethereum
2025-05-08 00:00:00+00:00,603.2794189,628.6717529,601.0078735,628.6634521,2061341461,BNB-USD,BNB
2025-05-09 00:00:00+00:00,0.766740978,0.816173017,0.755859017,0.777710974,1495123581,ADA-USD,Cardano
2025-05-09 00:00:00+00:00,103239.125,104297.4922,102343.0938,102970.8516,58198593958,BTC-USD,Bitcoin
2025-05-09 00:00:00+00:00,163.9602356,175.8620758,161.2477722,172.8282776,7452318987,SOL-USD,Solana
2025-05-09 00:00:00+00:00,2.323165894,2.425399065,2.29025197,2.344671011,5991870742,XRP-USD,XRP
2025-05-09 00:00:00+00:00,2206.128174,2486.006836,2186.054443,2345.507324,43766026875,ETH-USD,Ethereum
2025-05-09 00:00:00+00:00,628.6528931,667.800354,623.8834839,666.878479,2418287835,BNB-USD,BNB
2025-05-10 00:00:00+00:00,0.777713001,0.84147799,0.77303499,0.84127301,1434324472,ADA-USD,Cardano
2025-05-10 00:00:00+00:00,102973.7109,104961.7656,102830.4844,104696.3281,42276713994,BTC-USD,Bitcoin
2025-05-10 00:00:00+00:00,172.8276978,178.5718536,168.9294128,177.6218109,4012477696,SOL-USD,Solana
2025-05-10 00:00:00+00:00,2.344629049,2.472671986,2.340177059,2.472029924,4373016278,XRP-USD,XRP
2025-05-10 00:00:00+00:00,2345.760498,2597.543457,2320.235107,2582.422607,30265913403,ETH-USD,Ethereum
2025-05-10 00:00:00+00:00,666.8892822,677.3533936,649.3594971,663.6172485,2282413256,BNB-USD,BNB
2025-05-11 00:00:00+00:00,0.841256976,0.843555987,0.784268975,0.80498898,1092674369,ADA-USD,Cardano
2025-05-11 00:00:00+00:00,104701.0703,104937.9922,103364.7422,104106.3594,46285517406,BTC-USD,Bitcoin
2025-05-11 00:00:00+00:00,177.6228943,179.6225281,169.7177277,173.0264587,4025374577,SOL-USD,Solana
2025-05-11 00:00:00+00:00,2.471999884,2.476253986,2.333916903,2.366524935,3965697853,XRP-USD,XRP
2025-05-11 00:00:00+00:00,2582.710449,2603.264404,2441.730713,2510.237793,26496368543,ETH-USD,Ethereum
2025-05-11 00:00:00+00:00,663.6165161,667.635498,648.8480835,650.6254272,1906600802,BNB-USD,BNB
2025-05-12 00:00:00+00:00,0.804989994,0.860825002,0.787248015,0.81763798,2013365721,ADA-USD,Cardano
2025-05-12 00:00:00+00:00,104106.9609,105747.4531,100814.4063,102812.9531,63250475404,BTC-USD,Bitcoin
2025-05-12 00:00:00+00:00,173.0366821,180.9514923,169.0782623,174.2478943,6940951587,SOL-USD,Solana
2025-05-12 00:00:00+00:00,2.366539001,2.639677048,2.358803988,2.544637918,10613122884,XRP-USD,XRP
2025-05-12 00:00:00+00:00,2510.289307,2620.897217,2411.594482,2496.397705,32121858921,ETH-USD,Ethereum
2025-05-12 00:00:00+00:00,650.6254272,690.3782349,648.9622803,660.484314,2609669556,BNB-USD,BNB
2025-05-13 00:00:00+00:00,0.817635,0.840763986,0.774267972,0.831560016,1325631679,ADA-USD,Cardano
2025-05-13 00:00:00+00:00,102812.4922,104997.4219,101515.0938,104169.8125,52608876410,BTC-USD,Bitcoin
2025-05-13 00:00:00+00:00,174.2462006,184.7014008,166.807312,184.0062561,5170161208,SOL-USD,Solana
2025-05-13 00:00:00+00:00,2.544632912,2.600899935,2.427625895,2.58654809,6176519868,XRP-USD,XRP
2025-05-13 00:00:00+00:00,2496.337402,2736.890137,2418.325684,2680.129639,33528741590,ETH-USD,Ethereum
2025-05-13 00:00:00+00:00,660.484314,670.8955078,641.6828613,665.5705566,2108811440,BNB-USD,BNB
2025-05-14 00:00:00+00:00,0.83157903,0.831717014,0.790755987,0.799520016,1149087779,ADA-USD,Cardano
2025-05-14 00:00:00+00:00,104167.3281,104303.5625,102618.2969,103539.4141,45956071155,BTC-USD,Bitcoin
2025-05-14 00:00:00+00:00,184.0063019,184.7181854,173.7317352,176.7092285,4610872279,SOL-USD,Solana
2025-05-14 00:00:00+00:00,2.586558104,2.645735025,2.52412796,2.552702904,4955686643,XRP-USD,XRP
2025-05-14 00:00:00+00:00,2680.262207,2721.949951,2549.685059,2610.063232,26602676588,ETH-USD,Ethereum
2025-05-14 00:00:00+00:00,665.6119995,665.6529541,648.1204834,652.5710449,1876674692,BNB-USD,BNB
2025-05-15 00:00:00+00:00,0.799526989,0.809684992,0.746850014,0.761242986,1282600970,ADA-USD,Cardano
2025-05-15 00:00:00+00:00,103538.8281,104153.6172,101440.8125,103744.6406,50408241840,BTC-USD,Bitcoin
2025-05-15 00:00:00+00:00,176.7086639,178.1050415,167.2801666,169.0099945,4347587992,SOL-USD,Solana
2025-05-15 00:00:00+00:00,2.552697897,2.570915937,2.359000921,2.380367041,5374268326,XRP-USD,XRP
2025-05-15 00:00:00+00:00,2610.027832,2645.074219,2482.212891,2546.856934,26637688883,ETH-USD,Ethereum
2025-05-15 00:00:00+00:00,652.571167,660.2804565,643.4594116,651.2642212,1888457576,BNB-USD,BNB
2025-05-16 00:00:00+00:00,0.761273026,0.784978986,0.752905011,0.759267986,761962011,ADA-USD,Cardano
2025-05-16 00:00:00+00:00,103735.6563,104533.4844,103137.4766,103489.2891,44386499364,BTC-USD,Bitcoin
2025-05-16 00:00:00+00:00,169.0146942,173.9580994,166.7572327,167.3339539,3495576096,SOL-USD,Solana
2025-05-16 00:00:00+00:00,2.380357981,2.43670702,2.350652933,2.380984068,3792750565,XRP-USD,XRP
2025-05-16 00:00:00+00:00,2547.05835,2645.60791,2532.0271,2536.297607,21298907763,ETH-USD,Ethereum
2025-05-16 00:00:00+00:00,651.2623291,659.6885986,644.3860474,646.3213501,1634445685,BNB-USD,BNB
2025-05-17 00:00:00+00:00,0.759267986,0.780276,0.729465008,0.74238503,974561722,ADA-USD,Cardano
2025-05-17 00:00:00+00:00,103489.2891,103716.9453,102659.1797,103191.0859,37898552742,BTC-USD,Bitcoin
2025-05-17 00:00:00+00:00,167.3339539,169.76828,164.2249451,165.9308319,2783616834,SOL-USD,Solana
2025-05-17 00:00:00+00:00,2.380984068,2.388313055,2.303203106,2.354363918,3022317383,XRP-USD,XRP
2025-05-17 00:00:00+00:00,2536.297607,2537.781738,2449.069336,2475.754395,18830706230,ETH-USD,Ethereum
2025-05-17 00:00:00+00:00,646.3213501,646.7220459,635.4848633,639.6188965,1449713512,BNB-USD,BNB
2025-05-18 00:00:00+00:00,0.74238503,0.775246978,0.724618018,0.760626018,940509064,ADA-USD,Cardano
2025-05-18 00:00:00+00:00,103186.9531,106597.1719,103142.6016,106446.0078,49887082058,BTC-USD,Bitcoin
2025-05-18 00:00:00+00:00,165.9319763,176.4924774,165.5135345,173.8987122,3866092629,SOL-USD,Solana
2025-05-18 00:00:00+00:00,2.354363918,2.442900896,2.352282047,2.434170961,2943528946,XRP-USD,XRP
2025-05-18 00:00:00+00:00,2475.769531,2585.697021,2344.668213,2498.233643,25005164865,ETH-USD,Ethereum
2025-05-18 00:00:00+00:00,639.6188965,654.7149658,635.4116821,652.1643066,1592388678,BNB-USD,BNB
2025-05-19 00:00:00+00:00,0.760599017,0.763233006,0.712014973,0.743062973,870207859,ADA-USD,Cardano
2025-05-19 00:00:00+00:00,106430.5313,107068.7188,102112.6875,105606.1797,61761126647,BTC-USD,Bitcoin
2025-05-19 00:00:00+00:00,173.8357849,173.8385315,159.6474915,166.8642273,4498613127,SOL-USD,Solana
2025-05-19 00:00:00+00:00,2.43347311,2.435794115,2.286864042,2.381378889,3735931351,XRP-USD,XRP
2025-05-19 00:00:00+00:00,2498.800049,2545.461182,2353.427002,2529.166748,27351331811,ETH-USD,Ethereum
2025-05-19 00:00:00+00:00,652.116394,652.9885864,634.1826782,649.8529053,1595233688,BNB-USD,BNB
2025-05-20 00:00:00+00:00,0.743062973,0.752489984,0.723821998,0.745729029,718031523,ADA-USD,Cardano
2025-05-20 00:00:00+00:00,105605.4063,107307.1172,104206.5156,106791.0859,36515726122,BTC-USD,Bitcoin
2025-05-20 00:00:00+00:00,166.864212,172.8605652,164.7796478,168.4836884,3787047019,SOL-USD,Solana
2025-05-20 00:00:00+00:00,2.381378889,2.405659914,2.317428112,2.356755018,2990978075,XRP-USD,XRP
2025-05-20 00:00:00+00:00,2529.13501,2585.619873,2446.446777,2524.173096,23453322578,ETH-USD,Ethereum
2025-05-20 00:00:00+00:00,649.8463745,653.4020996,641.1644287,650.3308105,1512635652,BNB-USD,BNB
2025-05-21 00:00:00+00:00,0.745721996,0.782069981,0.739464998,0.770718992,1107919947,ADA-USD,Cardano
2025-05-21 00:00:00+00:00,106791.3125,110724.4609,106127.2344,109678.0781,78086364051,BTC-USD,Bitcoin
2025-05-21 00:00:00+00:00,168.4841156,175.5224152,166.3048706,173.6817322,5254974027,SOL-USD,Solana
2025-05-21 00:00:00+00:00,2.356739998,2.42611289,2.334875107,2.39892602,3837944483,XRP-USD,XRP
2025-05-21 00:00:00+00:00,2524.15918,2614.060791,2454.537842,2552.347168,31952904125,ETH-USD,Ethereum
2025-05-21 00:00:00+00:00,650.3308105,677.0289917,649.1345215,673.1486206,2377493291,BNB-USD,BNB
2025-05-22 00:00:00+00:00,0.770722985,0.809854984,0.769894004,0.808138013,1060144223,ADA-USD,Cardano
2025-05-22 00:00:00+00:00,109673.4922,111970.1719,109285.0703,111673.2813,70157575642,BTC-USD,Bitcoin
2025-05-22 00:00:00+00:00,173.6822052,180.5462494,172.755249,179.6909485,4913432701,SOL-USD,Solana
2025-05-22 00:00:00+00:00,2.398953915,2.451718092,2.392353058,2.429795027,3399409382,XRP-USD,XRP
2025-05-22 00:00:00+00:00,2552.766846,2691.102295,2546.434814,2664.156982,26596978352,ETH-USD,Ethereum
2025-05-22 00:00:00+00:00,673.1505127,688.0584106,673.1314087,686.2356567,2248278627,BNB-USD,BNB
2025-05-23 00:00:00+00:00,0.808156013,0.839618027,0.745015025,0.746379972,1438828552,ADA-USD,Cardano
2025-05-23 00:00:00+00:00,111679.3594,111798.9063,106841.3047,107287.7969,67548133399,BTC-USD,Bitcoin
2025-05-23 00:00:00+00:00,179.6914673,187.2797546,173.5706329,173.8254242,7488253558,SOL-USD,Solana
2025-05-23 00:00:00+00:00,2.429795027,2.476517916,2.290333033,2.29432106,4394718207,XRP-USD,XRP
2025-05-23 00:00:00+00:00,2664.082031,2731.220703,2504.873535,2526.441895,30536501878,ETH-USD,Ethereum
2025-05-23 00:00:00+00:00,686.2514038,690.9200439,654.8810425,656.2316895,1996132529,BNB-USD,BNB
2025-05-24 00:00:00+00:00,0.746384978,0.765932024,0.742784023,0.747192025,606044855,ADA-USD,Cardano
2025-05-24 00:00:00+00:00,107278.5078,109454.5234,106895.2891,107791.1563,45903627163,BTC-USD,Bitcoin
2025-05-24 00:00:00+00:00,173.8404083,178.142746,172.7917175,176.0424042,3002798120,SOL-USD,Solana
2025-05-24 00:00:00+00:00,2.294456959,2.358805895,2.292414904,2.332870007,1496547562,XRP-USD,XRP
2025-05-24 00:00:00+00:00,2526.387939,2575.131348,2516.018066,2530.64624,11380899856,ETH-USD,Ethereum
2025-05-24 00:00:00+00:00,656.2304077,676.8643188,656.1278076,668.3065186,1475660792,BNB-USD,BNB
2025-05-25 00:00:00+00:00,0.747192025,0.760002971,0.72991401,0.759983003,665579932,ADA-USD,Cardano
2025-05-25 00:00:00+00:00,107802.2734,109313.3047,106683.375,109035.3906,47518041841,BTC-USD,Bitcoin
2025-05-25 00:00:00+00:00,176.0344849,176.7212982,169.3577881,175.7254791,3395309315,SOL-USD,Solana
2025-05-25 00:00:00+00:00,2.332870007,2.344192982,2.270528078,2.342974901,2117325121,XRP-USD,XRP
2025-05-25 00:00:00+00:00,2530.890137,2553.869141,2467.880127,2551.763916,14556431364,ETH-USD,Ethereum
2025-05-25 00:00:00+00:00,668.3065186,671.4579468,658.1526489,669.9168701,1591152958,BNB-USD,BNB
2025-05-26 00:00:00+00:00,0.759983003,0.775681019,0.752955019,0.759554982,648219927,ADA-USD,Cardano
2025-05-26 00:00:00+00:00,109023.7813,110376.8828,108735.6406,109440.3672,45950461571,BTC-USD,Bitcoin
2025-05-26 00:00:00+00:00,175.7256622,178.9779968,173.7002411,174.9078979,2872898398,SOL-USD,Solana
2025-05-26 00:00:00+00:00,2.342950106,2.358088017,2.298753023,2.310661077,1930678300,XRP-USD,XRP
2025-05-26 00:00:00+00:00,2551.380859,2598.56665,2530.321533,2564.138428,14936610009,ETH-USD,Ethereum
2025-05-26 00:00:00+00:00,669.9174805,677.6790771,668.8999023,674.3926392,1568627598,BNB-USD,BNB
2025-05-27 00:00:00+00:00,0.759554982,0.774968982,0.745694995,0.758683026,707175899,ADA-USD,Cardano
2025-05-27 00:00:00+00:00,109440.4063,110744.2109,107609.5547,108994.6406,57450176272,BTC-USD,Bitcoin
2025-05-27 00:00:00+00:00,174.9076996,179.2212677,171.5754547,176.8151855,3737068836,SOL-USD,Solana
2025-05-27 00:00:00+00:00,2.310643911,2.352042913,2.272452116,2.318671942,2373797283,XRP-USD,XRP
2025-05-27 00:00:00+00:00,2564.140869,2712.285156,2512.588623,2663.069824,26264200536,ETH-USD,Ethereum
2025-05-27 00:00:00+00:00,674.3926392,695.8684082,667.230957,687.1594849,2019130226,BNB-USD,BNB
2025-05-28 00:00:00+00:00,0.758683026,0.760339975,0.733470976,0.746894002,597350861,ADA-USD,Cardano
2025-05-28 00:00:00+00:00,108992.1719,109298.2891,106812.9297,107802.3281,49155377493,BTC-USD,Bitcoin
2025-05-28 00:00:00+00:00,176.8146515,177.3759918,169.1056976,172.1895599,3454599629,SOL-USD,Solana
2025-05-28 00:00:00+00:00,2.318640947,2.321412086,2.230530977,2.274252892,2373668637,XRP-USD,XRP
2025-05-28 00:00:00+00:00,2663.010254,2688.742188,2611.160889,2682.212891,19087366068,ETH-USD,Ethereum
2025-05-28 00:00:00+00:00,687.1602173,688.9776001,680.6652832,687.4055176,1759924602,BNB-USD,BNB
2025-05-29 00:00:00+00:00,0.746894002,0.764492989,0.722093999,0.722342014,722295527,ADA-USD,Cardano
2025-05-29 00:00:00+00:00,107795.5703,108910.0469,105374.3984,105641.7578,56022752042,BTC-USD,Bitcoin
2025-05-29 00:00:00+00:00,172.1905975,175.1842804,166.2585144,166.5881805,3480369993,SOL-USD,Solana
2025-05-29 00:00:00+00:00,2.27425909,2.311125994,2.244018078,2.244246006,2465662898,XRP-USD,XRP
2025-05-29 00:00:00+00:00,2681.843262,2784.752441,2620.982666,2632.654785,27567479811,ETH-USD,Ethereum
2025-05-29 00:00:00+00:00,687.4058228,690.843689,673.9274292,675.1721802,1938258667,BNB-USD,BNB
2025-05-30 00:00:00+00:00,0.722342014,0.727092981,0.687106013,0.689327002,1028958874,ADA-USD,Cardano
2025-05-30 00:00:00+00:00,105646.2109,106308.9453,103685.7891,103998.5703,57655287183,BTC-USD,Bitcoin
2025-05-30 00:00:00+00:00,166.5934296,167.3471222,156.0346527,156.2347107,4458908034,SOL-USD,Solana
2025-05-30 00:00:00+00:00,2.244232893,2.250627041,2.138453007,2.138633966,3891788509,XRP-USD,XRP
2025-05-30 00:00:00+00:00,2632.835938,2648.260742,2510.163818,2529.943604,24599403943,ETH-USD,Ethereum
2025-05-30 00:00:00+00:00,675.2001953,678.1555786,654.6506348,655.4821777,1904377880,BNB-USD,BNB
2025-05-31 00:00:00+00:00,0.689329982,0.694639027,0.658093989,0.686074018,812725496,ADA-USD,Cardano
2025-05-31 00:00:00+00:00,103994.7188,104927.1016,103136.1172,104638.0938,38997843858,BTC-USD,Bitcoin
2025-05-31 00:00:00+00:00,156.2359467,157.9366913,152.4416504,156.6389465,2817151487,SOL-USD,Solana
2025-05-31 00:00:00+00:00,2.138722897,2.203875065,2.085525036,2.175060034,2684904446,XRP-USD,XRP
2025-05-31 00:00:00+00:00,2529.833984,2550.483643,2484.215576,2529.087402,13992843765,ETH-USD,Ethereum
2025-05-31 00:00:00+00:00,655.5108643,661.3086548,646.9629517,658.5012817,1478599983,BNB-USD,BNB
2025-06-01 00:00:00+00:00,0.686074018,0.687066019,0.656709015,0.684974015,601446044,ADA-USD,Cardano
2025-06-01 00:00:00+00:00,104637.2969,105884.5469,103826.9531,105652.1016,37397056873,BTC-USD,Bitcoin
2025-06-01 00:00:00+00:00,156.6378937,157.8278503,150.8434143,157.7845459,2554572841,SOL-USD,Solana
2025-06-01 00:00:00+00:00,2.175107956,2.187160015,2.128967047,2.17918396,1763611233,XRP-USD,XRP
2025-06-01 00:00:00+00:00,2529.09668,2547.772949,2472.540771,2536.266357,13287852482,ETH-USD,Ethereum
2025-06-01 00:00:00+00:00,658.4995728,662.3483276,648.2598267,660.9917603,1468711165,BNB-USD,BNB
2025-06-02 00:00:00+00:00,0.684973001,0.691500008,0.665269017,0.689677,644713300,ADA-USD,Cardano
2025-06-02 00:00:00+00:00,105649.8125,105958.3125,103727.5469,105881.5313,45819706290,BTC-USD,Bitcoin
2025-06-02 00:00:00+00:00,157.7837372,158.8946381,151.9974518,156.9980621,3070599881,SOL-USD,Solana
2025-06-02 00:00:00+00:00,2.17918396,2.203058004,2.138854027,2.197755098,2150527408,XRP-USD,XRP
2025-06-02 00:00:00+00:00,2536.184814,2615.515625,2477.292725,2607.097412,16744168824,ETH-USD,Ethereum
2025-06-02 00:00:00+00:00,660.9854736,666.9949341,650.449707,666.5907593,1782539875,BNB-USD,BNB
2025-06-03 00:00:00+00:00,0.68967998,0.705832005,0.677204013,0.684614003,564411241,ADA-USD,Cardano
2025-06-03 00:00:00+00:00,105888.4766,106813.5781,104920.8438,105432.4688,46196508367,BTC-USD,Bitcoin
2025-06-03 00:00:00+00:00,156.9980927,163.393692,154.7076569,155.3431702,3739800274,SOL-USD,Solana
2025-06-03 00:00:00+00:00,2.197755098,2.280704975,2.186135054,2.246844053,2528637429,XRP-USD,XRP
2025-06-03 00:00:00+00:00,2607.19751,2652.418701,2582.250488,2593.280273,18291179016,ETH-USD,Ethereum
2025-06-03 00:00:00+00:00,666.5907593,672.7042236,658.5495605,661.6989136,1696519631,BNB-USD,BNB
2025-06-04 00:00:00+00:00,0.684612989,0.701337993,0.663910985,0.665889978,537207539,ADA-USD,Cardano
2025-06-04 00:00:00+00:00,105434.3672,105997.6953,104232.7031,104731.9844,44544857105,BTC-USD,Bitcoin
2025-06-04 00:00:00+00:00,155.3417206,157.8530426,153.1756439,153.3596497,2694510572,SOL-USD,Solana
2025-06-04 00:00:00+00:00,2.24684,2.2642591,2.198195934,2.202310085,2010134792,XRP-USD,XRP
2025-06-04 00:00:00+00:00,2593.482666,2677.970459,2585.737793,2608.643066,18621211035,ETH-USD,Ethereum
2025-06-04 00:00:00+00:00,661.6989746,671.9303589,661.3744507,663.7062988,1561308740,BNB-USD,BNB
2025-06-05 00:00:00+00:00,0.665889978,0.689101994,0.621035993,0.627574027,884135870,ADA-USD,Cardano
2025-06-05 00:00:00+00:00,104750.7813,105936.6875,100436.8828,101575.9531,57479298400,BTC-USD,Bitcoin
2025-06-05 00:00:00+00:00,153.3593292,154.5604248,141.9029388,144.5429535,4691163987,SOL-USD,Solana
2025-06-05 00:00:00+00:00,2.202321053,2.225291014,2.064732075,2.097634077,3283496875,XRP-USD,XRP
2025-06-05 00:00:00+00:00,2608.607178,2640.604004,2395.753662,2416.285645,26194462737,ETH-USD,Ethereum
2025-06-05 00:00:00+00:00,663.7078857,670.5805664,626.6804199,634.0535889,1987901562,BNB-USD,BNB
2025-06-06 00:00:00+00:00,0.627574027,0.670952022,0.623790026,0.656405985,644957374,ADA-USD,Cardano
2025-06-06 00:00:00+00:00,101574.3672,105376.7734,101169.5703,104390.3438,48856653697,BTC-USD,Bitcoin
2025-06-06 00:00:00+00:00,144.5429077,152.022522,144.4403992,147.9131317,2780168622,SOL-USD,Solana
2025-06-06 00:00:00+00:00,2.097645044,2.188846111,2.088665962,2.162405968,2160226661,XRP-USD,XRP
2025-06-06 00:00:00+00:00,2416.455078,2530.391846,2387.608643,2477.194824,19407449565,ETH-USD,Ethereum
2025-06-06 00:00:00+00:00,634.052002,651.3796387,631.1067505,643.4342041,1728825229,BNB-USD,BNB
2025-06-07 00:00:00+00:00,0.656405985,0.670382977,0.651727974,0.665009975,384375357,ADA-USD,Cardano
2025-06-07 00:00:00+00:00,104390.6484,105972.7578,103987.3125,105615.625,38365033776,BTC-USD,Bitcoin
2025-06-07 00:00:00+00:00,147.9080505,152.825531,147.1872711,150.1340637,1895979261,SOL-USD,Solana
2025-06-07 00:00:00+00:00,2.162406921,2.191050053,2.151817083,2.178545952,1225984728,XRP-USD,XRP
2025-06-07 00:00:00+00:00,2477.18335,2543.048828,2459.137207,2526.505371,11664303387,ETH-USD,Ethereum
2025-06-07 00:00:00+00:00,643.4424438,653.8911743,640.9490356,651.1504517,1468009270,BNB-USD,BNB
2025-06-08 00:00:00+00:00,0.665008008,0.678664982,0.653985977,0.669898987,500556195,ADA-USD,Cardano
2025-06-08 00:00:00+00:00,105617.5078,106497.0625,105075.3281,105793.6484,36626232328,BTC-USD,Bitcoin
2025-06-08 00:00:00+00:00,150.1338959,155.0418854,148.2244263,152.4300995,1928262265,SOL-USD,Solana
2025-06-08 00:00:00+00:00,2.178544998,2.294209003,2.169209003,2.265495062,2668252038,XRP-USD,XRP
2025-06-08 00:00:00+00:00,2526.193359,2547.467041,2493.920166,2510.787109,12097170203,ETH-USD,Ethereum
2025-06-08 00:00:00+00:00,651.1504517,656.27771,646.9312744,652.1478271,1385072458,BNB-USD,BNB
2025-06-09 00:00:00+00:00,0.6699,0.706961989,0.657608986,0.705052018,623912687,ADA-USD,Cardano
2025-06-09 00:00:00+00:00,105793.0234,110561.4219,105400.2344,110294.1016,55903193732,BTC-USD,Bitcoin
2025-06-09 00:00:00+00:00,152.4300995,161.4990997,149.83992,161.0886536,3689102023,SOL-USD,Solana
2025-06-09 00:00:00+00:00,2.265489101,2.32783103,2.225500107,2.320374966,2876210477,XRP-USD,XRP
2025-06-09 00:00:00+00:00,2510.838135,2693.806641,2479.86792,2681.51709,20605172560,ETH-USD,Ethereum
2025-06-09 00:00:00+00:00,652.1478271,667.713501,648.583313,665.9540405,1629752670,BNB-USD,BNB
2025-06-10 00:00:00+00:00,0.705053985,0.718788028,0.687180996,0.715914011,854432526,ADA-USD,Cardano
2025-06-10 00:00:00+00:00,110295.6875,110380.125,108367.7109,110257.2344,54700101509,BTC-USD,Bitcoin
2025-06-10 00:00:00+00:00,161.0947113,165.5339203,156.8425903,165.0281677,4891108456,SOL-USD,Solana
2025-06-10 00:00:00+00:00,2.320374012,2.324830055,2.268007994,2.305284977,2753743744,XRP-USD,XRP
2025-06-10 00:00:00+00:00,2681.2854,2824.808105,2658.677246,2813.517578,35555755055,ETH-USD,Ethereum
2025-06-10 00:00:00+00:00,665.9545898,673.6307373,657.6258545,673.6104736,1849736872,BNB-USD,BNB
2025-06-11 00:00:00+00:00,0.715918005,0.730361998,0.692110002,0.698158026,762289525,ADA-USD,Cardano
2025-06-11 00:00:00+00:00,110261.7969,110384.2188,108086.3281,108686.625,50842662052,BTC-USD,Bitcoin
2025-06-11 00:00:00+00:00,165.0281677,168.0181122,159.4257813,161.0558624,5292694830,SOL-USD,Solana
2025-06-11 00:00:00+00:00,2.305315971,2.335494995,2.25722003,2.27087307,3016488242,XRP-USD,XRP
2025-06-11 00:00:00+00:00,2813.739746,2877.629395,2746.459961,2773.529297,30705408054,ETH-USD,Ethereum
2025-06-11 00:00:00+00:00,673.6104736,673.9506226,663.1364136,667.6690674,1778663531,BNB-USD,BNB
2025-06-12 00:00:00+00:00,0.698158026,0.699127018,0.658783972,0.663838983,693312281,ADA-USD,Cardano
2025-06-12 00:00:00+00:00,108685.9141,108780.6953,105785.6875,105929.0547,54843867968,BTC-USD,Bitcoin
2025-06-12 00:00:00+00:00,161.0558624,161.2027893,152.2374115,152.7896729,3655760294,SOL-USD,Solana
2025-06-12 00:00:00+00:00,2.27087307,2.271219969,2.17623806,2.194768906,2658926570,XRP-USD,XRP
2025-06-12 00:00:00+00:00,2773.5979,2784.262695,2619.966553,2651.795166,25924959613,ETH-USD,Ethereum
2025-06-12 00:00:00+00:00,667.6690674,669.515686,652.7897339,656.2438354,1695465665,BNB-USD,BNB
2025-06-13 00:00:00+00:00,0.663819015,0.663819015,0.62036401,0.642135978,1056842030,ADA-USD,Cardano
2025-06-13 00:00:00+00:00,105924.5938,106182.5469,102822.0234,106090.9688,69550440846,BTC-USD,Bitcoin
2025-06-13 00:00:00+00:00,152.7870483,152.7870483,141.437149,148.6283569,6346327306,SOL-USD,Solana
2025-06-13 00:00:00+00:00,2.194731951,2.194739103,2.089059114,2.14902997,4448865758,XRP-USD,XRP
2025-06-13 00:00:00+00:00,2651.915527,2651.915527,2443.962646,2579.486084,37986747138,ETH-USD,Ethereum
2025-06-13 00:00:00+00:00,656.2520142,659.3117676,641.3123169,655.2557373,1964558213,BNB-USD,BNB
2025-06-14 00:00:00+00:00,0.642136991,0.642199993,0.614892006,0.624948978,413673092,ADA-USD,Cardano
2025-06-14 00:00:00+00:00,106108.0859,106203.7578,104379.3672,105472.4063,38007870453,BTC-USD,Bitcoin
2025-06-14 00:00:00+00:00,148.6322327,148.6466675,142.2256927,144.7637482,2159011897,SOL-USD,Solana
2025-06-14 00:00:00+00:00,2.149034023,2.178388119,2.113940954,2.141406059,2001104713,XRP-USD,XRP
2025-06-14 00:00:00+00:00,2579.721436,2580.158203,2491.490723,2533.444092,14285000473,ETH-USD,Ethereum
2025-06-14 00:00:00+00:00,655.2623901,655.4783936,639.6327515,645.9127808,1337524307,BNB-USD,BNB
2025-06-15 00:00:00+00:00,0.624952972,0.635628998,0.621694982,0.633849025,353272482,ADA-USD,Cardano
2025-06-15 00:00:00+00:00,105464.8438,106157.1016,104519.8828,105552.0234,36744307742,BTC-USD,Bitcoin
2025-06-15 00:00:00+00:00,144.7633972,153.217865,144.3636322,152.8143921,3600058127,SOL-USD,Solana
2025-06-15 00:00:00+00:00,2.141400099,2.174968004,2.14023304,2.167176962,1527791412,XRP-USD,XRP
2025-06-15 00:00:00+00:00,2533.18335,2558.677734,2493.20459,2546.837158,13961893828,ETH-USD,Ethereum
2025-06-15 00:00:00+00:00,645.9123535,651.7022095,642.9979858,648.2807617,1352632285,BNB-USD,BNB
2025-06-16 00:00:00+00:00,0.633849025,0.656781018,0.625985026,0.631631017,676555071,ADA-USD,Cardano
2025-06-16 00:00:00+00:00,105555.5938,108915.375,104997.625,106796.7578,50366626945,BTC-USD,Bitcoin
2025-06-16 00:00:00+00:00,152.8143921,158.6078796,150.8699951,150.8699951,4629439778,SOL-USD,Solana
2025-06-16 00:00:00+00:00,2.167176962,2.335679054,2.154145956,2.241771936,4685110426,XRP-USD,XRP
2025-06-16 00:00:00+00:00,2547.226807,2680.087646,2517.145264,2540.60498,22792449577,ETH-USD,Ethereum
2025-06-16 00:00:00+00:00,648.2817993,659.2434082,646.8132935,650.961731,1588063609,BNB-USD,BNB
2025-06-17 00:00:00+00:00,0.63143301,0.64191401,0.600971997,0.610449016,716747559,ADA-USD,Cardano
2025-06-17 00:00:00+00:00,106794.1172,107750.1953,103396.5313,104601.1172,55964092176,BTC-USD,Bitcoin
2025-06-17 00:00:00+00:00,150.8648682,154.1480103,145.8711548,147.7498016,4505742897,SOL-USD,Solana
2025-06-17 00:00:00+00:00,2.241692066,2.254978895,2.14605999,2.160713911,3965189619,XRP-USD,XRP
2025-06-17 00:00:00+00:00,2540.314453,2617.901367,2456.648926,2510.761475,25653232897,ETH-USD,Ethereum
2025-06-17 00:00:00+00:00,650.9661865,659.0388184,640.8545532,648.5108032,1784039065,BNB-USD,BNB
2025-06-18 00:00:00+00:00,0.610450029,0.620764971,0.589744985,0.603448987,721275360,ADA-USD,Cardano
2025-06-18 00:00:00+00:00,104602.0703,105581.8516,103602.2656,104883.3281,47318089133,BTC-USD,Bitcoin
2025-06-18 00:00:00+00:00,147.749054,149.1591492,143.9672241,146.3531189,3507323344,SOL-USD,Solana
2025-06-18 00:00:00+00:00,2.160707951,2.180263996,2.120965004,2.169665098,2800813549,XRP-USD,XRP
2025-06-18 00:00:00+00:00,2510.816895,2546.627441,2469.050293,2524.301514,19873957905,ETH-USD,Ethereum
2025-06-18 00:00:00+00:00,648.5108032,653.4296875,637.9425659,644.8067627,1667361898,BNB-USD,BNB
2025-06-19 00:00:00+00:00,0.603451014,0.610844016,0.591085017,0.602124989,472917745,ADA-USD,Cardano
2025-06-19 00:00:00+00:00,104886.7734,105250.8906,103940.7734,104684.2891,37333806920,BTC-USD,Bitcoin
2025-06-19 00:00:00+00:00,146.3552704,147.7870789,143.1118774,147.0714722,2754965137,SOL-USD,Solana
2025-06-19 00:00:00+00:00,2.169682026,2.182075977,2.146401882,2.165937901,1758762458,XRP-USD,XRP
2025-06-19 00:00:00+00:00,2524.404053,2546.769531,2486.101807,2521.653564,12782730709,ETH-USD,Ethereum
2025-06-19 00:00:00+00:00,644.8067627,646.4259033,639.0229492,644.6807251,1374982734,BNB-USD,BNB
2025-06-20 00:00:00+00:00,0.602127016,0.605921984,0.562976003,0.577264011,758958578,ADA-USD,Cardano
2025-06-20 00:00:00+00:00,104681.0313,106539.3828,102372.2109,103309.6016,50951862476,BTC-USD,Bitcoin
2025-06-20 00:00:00+00:00,147.0729065,148.7189026,136.5124054,140.1685944,4112242022,SOL-USD,Solana
2025-06-20 00:00:00+00:00,2.165941,2.178421974,2.08928299,2.120347023,2626675896,XRP-USD,XRP
2025-06-20 00:00:00+00:00,2521.526367,2569.014648,2371.474365,2407.304199,22592586688,ETH-USD,Ethereum
2025-06-20 00:00:00+00:00,644.6846924,649.5967407,638.6568604,641.7844238,1614121225,BNB-USD,BNB
2025-06-21 00:00:00+00:00,0.577265024,0.587338984,0.546658993,0.554314971,686354524,ADA-USD,Cardano
2025-06-21 00:00:00+00:00,103315.0781,104015.7813,100973.0625,102257.4063,38360555118,BTC-USD,Bitcoin
2025-06-21 00:00:00+00:00,140.168045,142.4997406,132.4142456,135.1610107,3335622844,SOL-USD,Solana
2025-06-21 00:00:00+00:00,2.120345116,2.143980026,2.026771069,2.05755806,2455229797,XRP-USD,XRP
2025-06-21 00:00:00+00:00,2407.347656,2448.411621,2222.8125,2300.495605,16108791762,ETH-USD,Ethereum
2025-06-21 00:00:00+00:00,641.7844238,644.9034424,624.710083,628.7478638,1486820788,BNB-USD,BNB
2025-06-22 00:00:00+00:00,0.554322004,0.562654972,0.513185978,0.540983021,1168250598,ADA-USD,Cardano
2025-06-22 00:00:00+00:00,102212.0313,103351.6328,98286.20313,100987.1406,65536997201,BTC-USD,Bitcoin
2025-06-22 00:00:00+00:00,135.1963501,137.5521393,126.8262787,131.6156921,4990284543,SOL-USD,Solana
2025-06-22 00:00:00+00:00,2.057749987,2.088361979,1.913148046,2.014028072,5108058032,XRP-USD,XRP
2025-06-22 00:00:00+00:00,2298.842773,2313.853027,2116.681396,2228.213135,28458151601,ETH-USD,Ethereum
2025-06-22 00:00:00+00:00,628.7477417,635.1699219,602.7050781,615.9946289,1895564160,BNB-USD,BNB
2025-06-23 00:00:00+00:00,0.541005015,0.585384011,0.53084898,0.58327502,1040285762,ADA-USD,Cardano
2025-06-23 00:00:00+00:00,100987.4766,106116.8594,99705.75,105577.7734,65237759656,BTC-USD,Bitcoin
2025-06-23 00:00:00+00:00,131.61586,146.5984955,131.1608582,144.8467255,5742740781,SOL-USD,Solana
2025-06-23 00:00:00+00:00,2.014103889,2.168555975,1.967336059,2.166309118,4568812691,XRP-USD,XRP
2025-06-23 00:00:00+00:00,2228.484619,2434.239746,2191.418213,2421.824951,26247439429,ETH-USD,Ethereum
2025-06-23 00:00:00+00:00,615.9945679,642.7957764,615.5883789,641.2962036,1783710380,BNB-USD,BNB
2025-06-24 00:00:00+00:00,0.58327502,0.59316498,0.577593029,0.587369025,798539329,ADA-USD,Cardano
2025-06-24 00:00:00+00:00,105571.5156,106316.8281,104740.2422,106045.6328,48822986421,BTC-USD,Bitcoin
2025-06-24 00:00:00+00:00,144.8467255,146.5894775,142.5666809,145.9545288,3709899362,SOL-USD,Solana
2025-06-24 00:00:00+00:00,2.166309118,2.216027975,2.134336948,2.190815926,3574001224,XRP-USD,XRP
2025-06-24 00:00:00+00:00,2421.830566,2481.2229,2379.569336,2448.008789,19539047009,ETH-USD,Ethereum
2025-06-24 00:00:00+00:00,641.2962036,644.2817383,636.9046021,643.7371826,1498769929,BNB-USD,BNB
2025-06-25 00:00:00+00:00,0.587370992,0.589993,0.564518988,0.567080975,620996333,ADA-USD,Cardano
2025-06-25 00:00:00+00:00,106047.4063,108168.3984,105881.3906,107361.2578,51624120283,BTC-USD,Bitcoin
2025-06-25 00:00:00+00:00,145.9535065,147.7740173,142.5579529,143.505127,3095794422,SOL-USD,Solana
2025-06-25 00:00:00+00:00,2.190810919,2.225637913,2.172662973,2.185872078,2632853074,XRP-USD,XRP
2025-06-25 00:00:00+00:00,2448.737305,2468.677979,2394.607422,2419.310303,17158118625,ETH-USD,Ethereum
2025-06-25 00:00:00+00:00,643.7371826,650.2681885,642.5645752,645.9231567,1653677161,BNB-USD,BNB
2025-06-26 00:00:00+00:00,0.567080975,0.580573022,0.551545024,0.554021001,602838443,ADA-USD,Cardano
2025-06-26 00:00:00+00:00,107375.0703,108305.5469,106666.3516,106960,43891990613,BTC-USD,Bitcoin
2025-06-26 00:00:00+00:00,143.5052948,147.7301483,138.8082275,139.0598602,3480832173,SOL-USD,Solana
2025-06-26 00:00:00+00:00,2.185861111,2.211821079,2.100341082,2.105854988,3042625706,XRP-USD,XRP
2025-06-26 00:00:00+00:00,2419.154785,2519.619873,2399.533936,2416.146729,18300413888,ETH-USD,Ethereum
2025-06-26 00:00:00+00:00,645.9231567,649.9841309,641.8189087,642.4142456,1439442979,BNB-USD,BNB
2025-06-27 00:00:00+00:00,0.554021001,0.561509013,0.546028972,0.558763981,494464871,ADA-USD,Cardano
2025-06-27 00:00:00+00:00,106954.9219,107772.4688,106449.9922,107088.4297,45353692675,BTC-USD,Bitcoin
2025-06-27 00:00:00+00:00,139.0597839,144.4037323,137.7942047,142.1914825,3327165986,SOL-USD,Solana
2025-06-27 00:00:00+00:00,2.105854034,2.150455952,2.072066069,2.142618895,3072597387,XRP-USD,XRP
2025-06-27 00:00:00+00:00,2416.023193,2463.154785,2386.324951,2423.866943,15309834970,ETH-USD,Ethereum
2025-06-27 00:00:00+00:00,642.4138794,647.4111328,640.5480347,646.1536255,1358247058,BNB-USD,BNB
2025-06-28 00:00:00+00:00,0.558767974,0.568268001,0.556174994,0.565697014,368639849,ADA-USD,Cardano
2025-06-28 00:00:00+00:00,107090.5469,107567.8828,106883.9766,107327.7031,30037708335,BTC-USD,Bitcoin
2025-06-28 00:00:00+00:00,142.1920319,152.4373932,141.3493195,150.8275604,2847495210,SOL-USD,Solana
2025-06-28 00:00:00+00:00,2.142627001,2.20666194,2.136473894,2.186043978,2047303025,XRP-USD,XRP
2025-06-28 00:00:00+00:00,2423.925293,2448.19165,2407.761719,2437.109375,8273074809,ETH-USD,Ethereum
2025-06-28 00:00:00+00:00,646.1536255,649.1661377,644.5742188,648.7504272,1185616315,BNB-USD,BNB
2025-06-29 00:00:00+00:00,0.565697014,0.582440019,0.555751026,0.578086019,583426280,ADA-USD,Cardano
2025-06-29 00:00:00+00:00,107327.8203,108526.3047,107230.1094,108385.5703,35534874438,BTC-USD,Bitcoin
2025-06-29 00:00:00+00:00,150.8259888,154.4233704,149.5324707,153.3530884,2462940245,SOL-USD,Solana
2025-06-29 00:00:00+00:00,2.186039925,2.218236923,2.17891407,2.207072973,1525772808,XRP-USD,XRP
2025-06-29 00:00:00+00:00,2437.114746,2523.320557,2417.625244,2500.959961,12500580479,ETH-USD,Ethereum
2025-06-29 00:00:00+00:00,648.7504272,655.6026611,647.2733154,655.0361938,1284469590,BNB-USD,BNB
2025-06-30 00:00:00+00:00,0.578086019,0.588808,0.558247983,0.572121024,746847500,ADA-USD,Cardano
2025-06-30 00:00:00+00:00,108383.4375,108798.7891,106759.6484,107135.3359,42064804590,BTC-USD,Bitcoin
2025-06-30 00:00:00+00:00,153.3530884,159.6316071,149.612442,154.7353058,4752163067,SOL-USD,Solana
2025-06-30 00:00:00+00:00,2.207071066,2.320564985,2.171732903,2.238749981,3788425438,XRP-USD,XRP
2025-06-30 00:00:00+00:00,2500.605469,2521.720459,2438.054932,2486.464355,16859727663,ETH-USD,Ethereum
2025-06-30 00:00:00+00:00,655.0361938,659.8912354,651.8738403,657.0253296,1487336817,BNB-USD,BNB
2025-07-01 00:00:00+00:00,0.572121024,0.575963974,0.538423002,0.542158008,714647761,ADA-USD,Cardano
2025-07-01 00:00:00+00:00,107144.3828,107550.6797,105270.2266,105698.2813,44110692247,BTC-USD,Bitcoin
2025-07-01 00:00:00+00:00,154.7350311,155.3474274,145.2128906,146.9266357,3599415509,SOL-USD,Solana
2025-07-01 00:00:00+00:00,2.238709927,2.252321005,2.151420116,2.172194958,3188065836,XRP-USD,XRP
2025-07-01 00:00:00+00:00,2486.428467,2500.591797,2389.815918,2405.792725,15025451796,ETH-USD,Ethereum
2025-07-01 00:00:00+00:00,657.0258179,658.9859619,644.6724854,646.3979492,1382771755,BNB-USD,BNB
2025-07-02 00:00:00+00:00,0.542158008,0.598011971,0.540516019,0.584101021,991825199,ADA-USD,Cardano
2025-07-02 00:00:00+00:00,105703.1016,109763.6563,105157.3984,108859.3203,56248657737,BTC-USD,Bitcoin
2025-07-02 00:00:00+00:00,146.9287415,154.4098358,146.2321777,152.2276306,3941952132,SOL-USD,Solana
2025-07-02 00:00:00+00:00,2.172179937,2.279169083,2.162643909,2.23376894,3852349881,XRP-USD,XRP
2025-07-02 00:00:00+00:00,2405.857422,2616.783691,2378.393555,2571.335449,22792512025,ETH-USD,Ethereum
2025-07-02 00:00:00+00:00,646.3979492,664.7877808,644.8728027,660.057251,1576434816,BNB-USD,BNB
2025-07-03 00:00:00+00:00,0.584100008,0.610512018,0.583328009,0.599088013,779890753,ADA-USD,Cardano
2025-07-03 00:00:00+00:00,108845.0156,110541.4609,108605.7969,109647.9766,50494742270,BTC-USD,Bitcoin
2025-07-03 00:00:00+00:00,152.2285614,156.1884766,150.1514587,152.4017944,3748228101,SOL-USD,Solana
2025-07-03 00:00:00+00:00,2.233784914,2.308444023,2.229187012,2.257658005,3715918884,XRP-USD,XRP
2025-07-03 00:00:00+00:00,2570.796631,2635.192139,2558.58252,2591.007324,20873559425,ETH-USD,Ethereum
2025-07-03 00:00:00+00:00,660.057251,664.3876953,657.2025757,663.3231201,1512518612,BNB-USD,BNB
2025-07-04 00:00:00+00:00,0.599087,0.602724016,0.564347029,0.572890997,588008206,ADA-USD,Cardano
2025-07-04 00:00:00+00:00,109635.6563,109751.9844,107296.3828,108034.3359,42616442656,BTC-USD,Bitcoin
2025-07-04 00:00:00+00:00,152.4020233,153.5576019,145.4519653,147.7636414,3575641174,SOL-USD,Solana
2025-07-04 00:00:00+00:00,2.257632971,2.267182112,2.200514078,2.221138954,2085461653,XRP-USD,XRP
2025-07-04 00:00:00+00:00,2590.845703,2601.119629,2475.754883,2508.518311,17222740209,ETH-USD,Ethereum
2025-07-04 00:00:00+00:00,663.3231201,664.0619507,650.711853,653.739502,1379813703,BNB-USD,BNB
2025-07-05 00:00:00+00:00,0.572890997,0.582849026,0.570716977,0.575908005,316451015,ADA-USD,Cardano
2025-07-05 00:00:00+00:00,108015.8359,108381.3438,107842.2734,108231.1797,30615537520,BTC-USD,Bitcoin
2025-07-05 00:00:00+00:00,147.7629089,148.5907135,146.0768433,147.641449,1579874806,SOL-USD,Solana
2025-07-05 00:00:00+00:00,2.221138954,2.233455896,2.203629017,2.218522072,1176056923,XRP-USD,XRP
2025-07-05 00:00:00+00:00,2508.095947,2529.842285,2489.002441,2517.280029,9289382302,ETH-USD,Ethereum
2025-07-05 00:00:00+00:00,653.739502,656.6618652,652.3401489,656.1428833,1193229342,BNB-USD,BNB
2025-07-06 00:00:00+00:00,0.575908005,0.591826975,0.57149899,0.586013019,412178050,ADA-USD,Cardano
2025-07-06 00:00:00+00:00,108231.1875,109731.625,107847.0156,109232.0703,36746020463,BTC-USD,Bitcoin
2025-07-06 00:00:00+00:00,147.6414642,153.3870544,146.8997345,151.8729401,2921512526,SOL-USD,Solana
2025-07-06 00:00:00+00:00,2.218523979,2.286876917,2.211541891,2.272541046,2494482032,XRP-USD,XRP
2025-07-06 00:00:00+00:00,2517.280029,2603.064697,2505.37085,2571.236572,13190436110,ETH-USD,Ethereum
2025-07-06 00:00:00+00:00,656.1429443,664.6273804,653.8736572,663.0889893,1387600565,BNB-USD,BNB
2025-07-07 00:00:00+00:00,0.586009026,0.592572987,0.574754,0.580237985,604232754,ADA-USD,Cardano
2025-07-07 00:00:00+00:00,109235.3281,109710.25,107527.0547,108299.8516,45415696597,BTC-USD,Bitcoin
2025-07-07 00:00:00+00:00,151.8733368,153.2769623,147.7893982,148.872345,3661294298,SOL-USD,Solana
2025-07-07 00:00:00+00:00,2.272543907,2.348522902,2.257966995,2.274077892,4447363877,XRP-USD,XRP
2025-07-07 00:00:00+00:00,2571.395264,2589.324951,2517.903564,2543.013184,18440266947,ETH-USD,Ethereum
2025-07-07 00:00:00+00:00,663.0889893,663.2283325,657.1060791,661.0181885,1524912345,BNB-USD,BNB
2025-07-08 00:00:00+00:00,0.580238998,0.591450989,0.573499978,0.588473976,545842174,ADA-USD,Cardano
2025-07-08 00:00:00+00:00,108298.2266,109198.9688,107499.5547,108950.2734,44282204127,BTC-USD,Bitcoin
2025-07-08 00:00:00+00:00,148.8719635,152.7966003,147.9498749,151.8103943,3885408944,SOL-USD,Solana
2025-07-08 00:00:00+00:00,2.274075985,2.319708109,2.250070095,2.311233997,3096977787,XRP-USD,XRP
2025-07-08 00:00:00+00:00,2542.972656,2626.664551,2525.437744,2615.505859,17537487206,ETH-USD,Ethereum
2025-07-08 00:00:00+00:00,661.0180664,662.4974365,657.5650635,660.7628784,1517607542,BNB-USD,BNB
2025-07-09 00:00:00+00:00,0.588473976,0.626326978,0.584486008,0.623489022,1024072721,ADA-USD,Cardano
2025-07-09 00:00:00+00:00,108950.2734,111925.375,108357.6797,111326.5547,57927418065,BTC-USD,Bitcoin
2025-07-09 00:00:00+00:00,151.8103943,157.8800201,150.6998901,157.2815094,4759358090,SOL-USD,Solana
2025-07-09 00:00:00+00:00,2.311233997,2.423249006,2.299066067,2.405636072,5095934679,XRP-USD,XRP
2025-07-09 00:00:00+00:00,2615.505859,2794.518555,2591.947021,2770.777588,27229452849,ETH-USD,Ethereum
2025-07-09 00:00:00+00:00,660.7628784,670.7850952,659.5992432,669.1525269,1667011677,BNB-USD,BNB
2025-07-10 00:00:00+00:00,0.623489022,0.67879802,0.618148983,0.676648021,1172708375,ADA-USD,Cardano
2025-07-10 00:00:00+00:00,111329.1953,116608.7813,110660.75,115987.2031,95911605728,BTC-USD,Bitcoin
2025-07-10 00:00:00+00:00,157.2815094,165.0765839,156.0460663,164.0627747,5703252463,SOL-USD,Solana
2025-07-10 00:00:00+00:00,2.405636072,2.558056116,2.397294998,2.546683073,6049788225,XRP-USD,XRP
2025-07-10 00:00:00+00:00,2770.737305,2995.1521,2757.266602,2954.845215,33929201261,ETH-USD,Ethereum
2025-07-10 00:00:00+00:00,669.1525269,687.354248,668.0310669,685.6607056,2023565748,BNB-USD,BNB
2025-07-11 00:00:00+00:00,0.676644981,0.772520006,0.669557989,0.71052599,2869891976,ADA-USD,Cardano
2025-07-11 00:00:00+00:00,115986.2344,118856.4766,115245.6875,117516.9922,86928361085,BTC-USD,Bitcoin
2025-07-11 00:00:00+00:00,164.0625305,167.9219666,160.0656433,162.8833771,7095844188,SOL-USD,Solana
2025-07-11 00:00:00+00:00,2.546631098,2.964270115,2.517546892,2.734863997,15789098843,XRP-USD,XRP
2025-07-11 00:00:00+00:00,2954.832764,3038.141113,2916.956543,2957.88623,36226558863,ETH-USD,Ethereum
2025-07-11 00:00:00+00:00,685.6607056,696.8695068,683.8527222,689.8733521,2327541748,BNB-USD,BNB
2025-07-12 00:00:00+00:00,0.71052599,0.733684003,0.690187991,0.708297014,1327152134,ADA-USD,Cardano
2025-07-12 00:00:00+00:00,117530.7109,118219.8984,116977.0234,117435.2266,45524560304,BTC-USD,Bitcoin
2025-07-12 00:00:00+00:00,162.8833771,163.8453217,157.9980316,160.684845,3795297694,SOL-USD,Solana
2025-07-12 00:00:00+00:00,2.73484993,2.841253996,2.669909954,2.737636089,8647115362,XRP-USD,XRP
2025-07-12 00:00:00+00:00,2958.33374,2979.780029,2907.193604,2942.911621,16317198254,ETH-USD,Ethereum
2025-07-12 00:00:00+00:00,689.8733521,696.954895,680.4016113,685.7778931,1715321874,BNB-USD,BNB
2025-07-13 00:00:00+00:00,0.708297014,0.75375402,0.706081986,0.73725301,1559998665,ADA-USD,Cardano
2025-07-13 00:00:00+00:00,117432.2031,119449.5703,117265.4375,119116.1172,49021091807,BTC-USD,Bitcoin
2025-07-13 00:00:00+00:00,160.684845,163.9575958,159.9158478,161.1940155,3865898680,SOL-USD,Solana
2025-07-13 00:00:00+00:00,2.737636089,2.878499985,2.726897001,2.835941076,7159804375,XRP-USD,XRP
2025-07-13 00:00:00+00:00,2942.853516,3016.393555,2938.736572,2973.358887,17361753131,ETH-USD,Ethereum
2025-07-13 00:00:00+00:00,685.7778931,694.0123291,685.4672241,692.2304077,1631603869,BNB-USD,BNB
2025-07-14 00:00:00+00:00,0.737250984,0.765473008,0.723730981,0.734336019,1794877371,ADA-USD,Cardano
2025-07-14 00:00:00+00:00,119115.7891,123091.6094,118959.1953,119849.7031,1.82E+11,BTC-USD,Bitcoin
2025-07-14 00:00:00+00:00,161.1940155,168.3361206,160.7777863,162.2752228,7130680773,SOL-USD,Solana
2025-07-14 00:00:00+00:00,2.835922956,3.021791935,2.827182055,2.954977036,12393161327,XRP-USD,XRP
2025-07-14 00:00:00+00:00,2973.225098,3079.985596,2965.32373,3013.35083,36349290556,ETH-USD,Ethereum
2025-07-14 00:00:00+00:00,692.2304077,706.7133179,686.8288574,689.416748,2362276526,BNB-USD,BNB
2025-07-15 00:00:00+00:00,0.734326005,0.748300016,0.71172303,0.746823013,1523030830,ADA-USD,Cardano
2025-07-15 00:00:00+00:00,119853.8516,119935.5625,115765.6875,117777.1875,98321661181,BTC-USD,Bitcoin
2025-07-15 00:00:00+00:00,162.2756195,164.1220856,157.6027527,163.9504395,6533486768,SOL-USD,Solana
2025-07-15 00:00:00+00:00,2.954884052,2.95747304,2.808501959,2.918951988,8879749638,XRP-USD,XRP
2025-07-15 00:00:00+00:00,3013.293457,3142.427246,2934.371338,3139.889648,39013656112,ETH-USD,Ethereum
2025-07-15 00:00:00+00:00,689.416748,692.9431763,675.876709,689.9211426,2167202399,BNB-USD,BNB
2025-07-16 00:00:00+00:00,0.746823013,0.783559024,0.734072983,0.764549017,1535471266,ADA-USD,Cardano
2025-07-16 00:00:00+00:00,117777.1875,120065.5156,117064.8203,118738.5078,72162029070,BTC-USD,Bitcoin
2025-07-16 00:00:00+00:00,163.9504395,175.8358002,161.6914215,173.7084808,8415349750,SOL-USD,Solana
2025-07-16 00:00:00+00:00,2.918947935,3.097068071,2.882705927,3.041404963,8884765458,XRP-USD,XRP
2025-07-16 00:00:00+00:00,3139.889648,3422.603027,3102.477783,3371.506836,46771354461,ETH-USD,Ethereum
2025-07-16 00:00:00+00:00,689.9211426,714.7908936,685.6761475,708.1260986,2298649454,BNB-USD,BNB
2025-07-17 00:00:00+00:00,0.764549017,0.837158024,0.742796004,0.823785007,2647535949,ADA-USD,Cardano
2025-07-17 00:00:00+00:00,118738.5078,120999.6094,117508.2188,119289.8438,72363841798,BTC-USD,Bitcoin
2025-07-17 00:00:00+00:00,173.7084808,178.0684357,169.0315247,175.793045,7913250794,SOL-USD,Solana
2025-07-17 00:00:00+00:00,3.041378021,3.540599108,3.00583601,3.495129108,19109831396,XRP-USD,XRP
2025-07-17 00:00:00+00:00,3371.506836,3521.685303,3315.999023,3476.784424,47532846793,ETH-USD,Ethereum
2025-07-17 00:00:00+00:00,708.1260986,726.6606445,707.8897705,721.2119751,2877681453,BNB-USD,BNB
2025-07-18 00:00:00+00:00,0.823710978,0.892171025,0.800774992,0.815856993,3058416972,ADA-USD,Cardano
2025-07-18 00:00:00+00:00,119284.1094,120851.9141,116925.9844,118003.2266,77945799785,BTC-USD,Bitcoin
2025-07-18 00:00:00+00:00,175.7919312,184.3690033,173.9146881,177.3819733,8439352014,SOL-USD,Solana
2025-07-18 00:00:00+00:00,3.494916916,3.650209904,3.360615969,3.418211937,18226483531,XRP-USD,XRP
2025-07-18 00:00:00+00:00,3476.124023,3674.855225,3463.38623,3549.016357,59198465810,ETH-USD,Ethereum
2025-07-18 00:00:00+00:00,721.2119751,763.0548096,720.2355957,730.2163696,3407382999,BNB-USD,BNB
2025-07-19 00:00:00+00:00,0.815860987,0.835457981,0.805692017,0.830340028,1047545712,ADA-USD,Cardano
2025-07-19 00:00:00+00:00,117998.125,118541.3984,117388.4141,117939.9766,47564562765,BTC-USD,Bitcoin
2025-07-19 00:00:00+00:00,177.3819122,178.3693848,174.3131409,177.0701294,4074891432,SOL-USD,Solana
2025-07-19 00:00:00+00:00,3.418159962,3.480110884,3.361759901,3.429405928,6728548741,XRP-USD,XRP
2025-07-19 00:00:00+00:00,3548.926025,3608.275635,3512.973145,3595.273682,26031719746,ETH-USD,Ethereum
2025-07-19 00:00:00+00:00,730.2608032,742.3317871,721.0870361,733.5290527,2067691091,BNB-USD,BNB
2025-07-20 00:00:00+00:00,0.830332994,0.875797987,0.824528992,0.858744979,1751415542,ADA-USD,Cardano
2025-07-20 00:00:00+00:00,117944.1094,118865.0313,116550.1328,117300.7891,57515447231,BTC-USD,Bitcoin
2025-07-20 00:00:00+00:00,177.0704956,183.3197632,176.5283051,181.5460358,6503778374,SOL-USD,Solana
2025-07-20 00:00:00+00:00,3.429384947,3.554430008,3.390993118,3.459528923,8763366578,XRP-USD,XRP
2025-07-20 00:00:00+00:00,3595.240479,3819.398682,3582.349609,3759.471436,44600451066,ETH-USD,Ethereum
2025-07-20 00:00:00+00:00,733.5290527,760.4404907,732.3448486,757.7399292,2353254456,BNB-USD,BNB
2025-07-21 00:00:00+00:00,0.858743012,0.929660022,0.844145,0.890425026,2494414873,ADA-USD,Cardano
2025-07-21 00:00:00+00:00,117306.4688,119671.5625,116584.3984,117439.5391,69820091744,BTC-USD,Bitcoin
2025-07-21 00:00:00+00:00,181.5452576,198.9155579,178.5621948,195.9942627,11211509986,SOL-USD,Solana
2025-07-21 00:00:00+00:00,3.459537983,3.642410994,3.4161551,3.555764914,9514968528,XRP-USD,XRP
2025-07-21 00:00:00+00:00,3758.920654,3856.76709,3705.35376,3763.371338,42611467663,ETH-USD,Ethereum
2025-07-21 00:00:00+00:00,757.7399292,780.9653931,747.5570679,766.7839355,2776231461,BNB-USD,BNB
2025-07-22 00:00:00+00:00,0.890406013,0.907010972,0.854919016,0.902944028,2097520070,ADA-USD,Cardano
2025-07-22 00:00:00+00:00,117426.5,120269.9688,116233.2266,119995.4141,79217583118,BTC-USD,Bitcoin
2025-07-22 00:00:00+00:00,195.9878998,205.8714752,194.2823029,205.7005463,14508715185,SOL-USD,Solana
2025-07-22 00:00:00+00:00,3.555636883,3.576937914,3.430835962,3.551676035,8927291368,XRP-USD,XRP
2025-07-22 00:00:00+00:00,3762.88208,3798.100342,3624.140381,3749.145508,45248868820,ETH-USD,Ethereum
2025-07-22 00:00:00+00:00,766.7839355,787.24823,746.1088257,786.1411743,3009453883,BNB-USD,BNB
2025-07-23 00:00:00+00:00,0.902949989,0.903455019,0.793347001,0.816231012,1971435839,ADA-USD,Cardano
2025-07-23 00:00:00+00:00,119997.4453,120113.3516,117391.3906,118754.9609,66608604537,BTC-USD,Bitcoin
2025-07-23 00:00:00+00:00,205.7112427,205.7560883,184.3273621,189.5429382,10671351702,SOL-USD,Solana
2025-07-23 00:00:00+00:00,3.551671982,3.552145958,3.069947004,3.184930086,13463451823,XRP-USD,XRP
2025-07-23 00:00:00+00:00,3749.238525,3765.026367,3532.856445,3629.703613,41283228953,ETH-USD,Ethereum
2025-07-23 00:00:00+00:00,786.1411743,809.3135986,753.7788696,776.6404419,3987433985,BNB-USD,BNB
2025-07-24 00:00:00+00:00,0.816227019,0.836708009,0.765661001,0.805577993,2091907443,ADA-USD,Cardano
2025-07-24 00:00:00+00:00,118770.9844,119535.4531,117247.9688,118368,72627318560,BTC-USD,Bitcoin
2025-07-24 00:00:00+00:00,189.5393066,191.8833618,179.9481506,182.6060638,8921891799,SOL-USD,Solana
2025-07-24 00:00:00+00:00,3.1849401,3.260030031,2.985479116,3.143894911,12401558966,XRP-USD,XRP
2025-07-24 00:00:00+00:00,3629.731689,3771.381592,3514.999268,3708.005615,40377960354,ETH-USD,Ethereum
2025-07-24 00:00:00+00:00,776.6744995,785.4175415,745.394104,771.2399902,2833667773,BNB-USD,BNB
2025-07-25 00:00:00+00:00,0.80558002,0.816251993,0.777693987,0.816074014,1448176900,ADA-USD,Cardano
2025-07-25 00:00:00+00:00,118368,118486.9766,114759.8203,117635.8828,1.05E+11,BTC-USD,Bitcoin
2025-07-25 00:00:00+00:00,182.6039429,186.7885895,176.4135437,186.7796631,8613557362,SOL-USD,Solana
2025-07-25 00:00:00+00:00,3.143891096,3.150862932,3.009105921,3.141720057,8709196636,XRP-USD,XRP
2025-07-25 00:00:00+00:00,3708.005615,3744.820068,3579.962891,3727.266846,42264509577,ETH-USD,Ethereum
2025-07-25 00:00:00+00:00,771.2399902,785.644104,753.6062012,785.6064453,2536046506,BNB-USD,BNB
2025-07-26 00:00:00+00:00,0.816053987,0.837477028,0.813040018,0.819802999,869250145,ADA-USD,Cardano
2025-07-26 00:00:00+00:00,117644.8438,118335.6875,117181.2266,117947.3672,48508954046,BTC-USD,Bitcoin
2025-07-26 00:00:00+00:00,186.7798004,189.6469574,184.5326691,184.9138794,3756183776,SOL-USD,Solana
2025-07-26 00:00:00+00:00,3.141684055,3.213773012,3.113023043,3.167534113,4116974190,XRP-USD,XRP
2025-07-26 00:00:00+00:00,3727.237305,3789.789795,3702.77417,3741.395996,24635287361,ETH-USD,Ethereum
2025-07-26 00:00:00+00:00,785.6064453,797.1967163,778.9398193,793.2825928,1760509145,BNB-USD,BNB
2025-07-27 00:00:00+00:00,0.819800973,0.838159978,0.815455019,0.832008004,969262242,ADA-USD,Cardano
2025-07-27 00:00:00+00:00,117944.7266,119815.5938,117859.6875,119448.4922,54683390892,BTC-USD,Bitcoin
2025-07-27 00:00:00+00:00,184.911972,190.4431458,184.7401276,188.73349,4713357652,SOL-USD,Solana
2025-07-27 00:00:00+00:00,3.167418957,3.248466015,3.162695885,3.241281986,5026533835,XRP-USD,XRP
2025-07-27 00:00:00+00:00,3741.257324,3876.933594,3733.681641,3875.246582,28897450394,ETH-USD,Ethereum
2025-07-27 00:00:00+00:00,793.2825928,846.2210693,792.6633301,843.2619629,2914460887,BNB-USD,BNB
2025-07-28 00:00:00+00:00,0.832008004,0.854003012,0.789066017,0.790890992,1298724819,ADA-USD,Cardano
2025-07-28 00:00:00+00:00,119457.5234,119819.7891,117441.4375,117924.4766,64822943193,BTC-USD,Bitcoin
2025-07-28 00:00:00+00:00,188.7321014,194.65802,182.3687592,182.5415649,7456216270,SOL-USD,Solana
2025-07-28 00:00:00+00:00,3.241249084,3.324357033,3.114057064,3.115842104,8060553540,XRP-USD,XRP
2025-07-28 00:00:00+00:00,3875.255859,3940.6521,3756.515869,3787.425781,35831336149,ETH-USD,Ethereum
2025-07-28 00:00:00+00:00,843.2619629,859.5628662,821.6815796,822.0185547,3448410233,BNB-USD,BNB
2025-07-29 00:00:00+00:00,0.790884018,0.808947027,0.771507025,0.782468021,986793262,ADA-USD,Cardano
2025-07-29 00:00:00+00:00,117938.5859,119273.8672,116987.3672,117922.1484,68463107433,BTC-USD,Bitcoin
2025-07-29 00:00:00+00:00,182.5584869,186.4884491,178.5705872,181.3353119,5430304723,SOL-USD,Solana
2025-07-29 00:00:00+00:00,3.115901947,3.182799101,3.061113119,3.128431082,6224568345,XRP-USD,XRP
2025-07-29 00:00:00+00:00,3788.31958,3883.997803,3716.883301,3793.454834,35540435995,ETH-USD,Ethereum
2025-07-29 00:00:00+00:00,822.0791626,834.4614258,800.6428223,804.8989258,3097306022,BNB-USD,BNB
2025-07-30 00:00:00+00:00,0.782468021,0.788320005,0.742615998,0.763439,1181054301,ADA-USD,Cardano
2025-07-30 00:00:00+00:00,117921.9922,118780.7266,115800.8281,117831.1875,68896148592,BTC-USD,Bitcoin
2025-07-30 00:00:00+00:00,181.3353119,182.3795166,172.3422699,177.6940155,6074764559,SOL-USD,Solana
2025-07-30 00:00:00+00:00,3.128431082,3.157607079,3.016652107,3.098376036,6525487340,XRP-USD,XRP
2025-07-30 00:00:00+00:00,3793.58252,3832.884033,3683.144531,3808.20166,34392494235,ETH-USD,Ethereum
2025-07-30 00:00:00+00:00,804.8989258,810.4419556,771.1812744,793.1448364,2836541071,BNB-USD,BNB
2025-07-31 00:00:00+00:00,0.763422012,0.787688971,0.73823899,0.740059972,977040210,ADA-USD,Cardano
2025-07-31 00:00:00+00:00,117833.6328,118919.9844,115505.2188,115758.2031,69370346018,BTC-USD,Bitcoin
2025-07-31 00:00:00+00:00,177.6937866,182.4824829,171.8527985,172.4243469,5443530167,SOL-USD,Solana
2025-07-31 00:00:00+00:00,3.0982759,3.173805952,3.018063068,3.025170088,5429993622,XRP-USD,XRP
2025-07-31 00:00:00+00:00,3808.246094,3877.470215,3685.00415,3696.707764,32839839444,ETH-USD,Ethereum
2025-07-31 00:00:00+00:00,793.1448364,813.0089111,782.8258667,783.6668091,2581137230,BNB-USD,BNB
2025-08-01 00:00:00+00:00,0.740055978,0.740055978,0.700863004,0.715667009,1471507567,ADA-USD,Cardano
2025-08-01 00:00:00+00:00,115738.9531,116060.7734,112724.4453,113320.0859,91294530181,BTC-USD,Bitcoin
2025-08-01 00:00:00+00:00,172.4171143,172.4171143,159.7885742,162.8770905,8200357157,SOL-USD,Solana
2025-08-01 00:00:00+00:00,3.025111914,3.051882029,2.908260107,2.964596987,9496832986,XRP-USD,XRP
2025-08-01 00:00:00+00:00,3696.144287,3722.585693,3432.379883,3488.365967,46261558200,ETH-USD,Ethereum
2025-08-01 00:00:00+00:00,783.6646729,794.8995361,746.3453369,757.1865845,3061372565,BNB-USD,BNB
2025-08-02 00:00:00+00:00,0.715631008,0.726852,0.686517,0.697669983,921584134,ADA-USD,Cardano
2025-08-02 00:00:00+00:00,113320.3906,114021.6016,112005.7656,112526.9141,56870866000,BTC-USD,Bitcoin
2025-08-02 00:00:00+00:00,162.8770905,165.1070099,156.0843506,158.483017,4455060056,SOL-USD,Solana
2025-08-02 00:00:00+00:00,2.964483976,3.017771959,2.747067928,2.766371965,6806946397,XRP-USD,XRP
2025-08-02 00:00:00+00:00,3487.956787,3535.558838,3370.943115,3392.741211,30165065282,ETH-USD,Ethereum
2025-08-02 00:00:00+00:00,757.2212524,769.5610352,732.5317383,736.6464233,2181365266,BNB-USD,BNB
2025-08-03 00:00:00+00:00,0.697669983,0.729018986,0.691035986,0.726975977,757511852,ADA-USD,Cardano
2025-08-03 00:00:00+00:00,112525.8047,114747.4219,111943.8047,114217.6719,48099615826,BTC-USD,Bitcoin
2025-08-03 00:00:00+00:00,158.4834137,162.8240509,156.8716736,161.9549713,3702562222,SOL-USD,Solana
2025-08-03 00:00:00+00:00,2.766434908,2.958384991,2.746383905,2.949543953,5493336229,XRP-USD,XRP
2025-08-03 00:00:00+00:00,3392.744385,3520.831299,3357.938965,3497.37915,19363593865,ETH-USD,Ethereum
2025-08-03 00:00:00+00:00,736.6464233,755.125061,732.3884888,751.5609741,1761506433,BNB-USD,BNB
2025-08-04 00:00:00+00:00,0.726978004,0.758512974,0.725908995,0.754808009,893498948,ADA-USD,Cardano
2025-08-04 00:00:00+00:00,114223.9219,115729.4688,114130.4063,115071.8828,35783028986,BTC-USD,Bitcoin
2025-08-04 00:00:00+00:00,161.9629669,169.711731,161.4369965,169.4256897,4977909460,SOL-USD,Solana
2025-08-04 00:00:00+00:00,2.949549913,3.088593006,2.935889006,3.072809935,6105465016,XRP-USD,XRP
2025-08-04 00:00:00+00:00,3497.613037,3734.977539,3491.554932,3718.986084,30905749658,ETH-USD,Ethereum
2025-08-04 00:00:00+00:00,751.5598145,769.5585327,750.8377075,769.059082,1940596416,BNB-USD,BNB
2025-08-05 00:00:00+00:00,0.754809022,0.759311974,0.715233028,0.726036012,945408782,ADA-USD,Cardano
2025-08-05 00:00:00+00:00,115072.1875,115117.4375,112701.1094,114141.4453,61039182286,BTC-USD,Bitcoin
2025-08-05 00:00:00+00:00,169.4277802,171.5601501,161.6408997,164.0964355,4979304041,SOL-USD,Solana
2025-08-05 00:00:00+00:00,3.072804928,3.103377104,2.923888922,2.963747978,5761767874,XRP-USD,XRP
2025-08-05 00:00:00+00:00,3719.817871,3720.656494,3547.621094,3611.899414,32778742296,ETH-USD,Ethereum
2025-08-05 00:00:00+00:00,769.0582886,769.1633911,746.6951904,754.8510132,1951120762,BNB-USD,BNB
2025-08-06 00:00:00+00:00,0.726041019,0.747300029,0.711431026,0.74179399,740545524,ADA-USD,Cardano
2025-08-06 00:00:00+00:00,114140.9141,115737.8359,113372.25,115028,56379133510,BTC-USD,Bitcoin
2025-08-06 00:00:00+00:00,164.0985718,169.8618317,161.4011841,168.1757355,3851544154,SOL-USD,Solana
2025-08-06 00:00:00+00:00,2.963748932,3.017256021,2.906388044,2.991888046,4694230831,XRP-USD,XRP
2025-08-06 00:00:00+00:00,3612.038818,3698.124756,3567.095947,3683.920654,26924415763,ETH-USD,Ethereum
2025-08-06 00:00:00+00:00,754.8510132,774.8028564,747.7263794,769.8478394,1969112524,BNB-USD,BNB
2025-08-07 00:00:00+00:00,0.74179399,0.787441015,0.734924972,0.786395013,1066141350,ADA-USD,Cardano
2025-08-07 00:00:00+00:00,115030.0547,117676.9063,114279.7109,117496.8984,64051649681,BTC-USD,Bitcoin
2025-08-07 00:00:00+00:00,168.1754303,175.4887085,166.8945465,175.4854279,5177005321,SOL-USD,Solana
2025-08-07 00:00:00+00:00,2.991887093,3.329602003,2.968336105,3.318207979,8073584245,XRP-USD,XRP
2025-08-07 00:00:00+00:00,3684.062012,3926.204346,3650.365967,3914.325928,38627826066,ETH-USD,Ethereum
2025-08-07 00:00:00+00:00,769.8478394,788.1963501,765.3430786,788.1963501,2162190917,BNB-USD,BNB
2025-08-08 00:00:00+00:00,0.786408007,0.804426014,0.777981997,0.791181028,1342179780,ADA-USD,Cardano
2025-08-08 00:00:00+00:00,117505.5,117689.2031,115917.4609,116688.7266,59713005166,BTC-USD,Bitcoin
2025-08-08 00:00:00+00:00,175.4854584,179.3596344,173.7015991,176.7632904,6565011386,SOL-USD,Solana
2025-08-08 00:00:00+00:00,3.318240881,3.375807047,3.213244915,3.287120104,10725932348,XRP-USD,XRP
2025-08-08 00:00:00+00:00,3914.110596,4068.847656,3882.443115,4009.848877,45460293892,ETH-USD,Ethereum
2025-08-08 00:00:00+00:00,788.1965332,797.8942261,781.4666138,793.4395752,2429517922,BNB-USD,BNB
2025-08-09 00:00:00+00:00,0.791177988,0.819464982,0.790724993,0.804036021,1023977315,ADA-USD,Cardano
2025-08-09 00:00:00+00:00,116678.2734,117906.6094,116363.8359,116500.3594,54004312429,BTC-USD,Bitcoin
2025-08-09 00:00:00+00:00,176.7631226,183.1424866,176.7598419,180.1823425,5297615193,SOL-USD,Solana
2025-08-09 00:00:00+00:00,3.287048101,3.34472394,3.215956926,3.227883101,5751246666,XRP-USD,XRP
2025-08-09 00:00:00+00:00,4009.150635,4323.76123,4007.709229,4263.599121,45279715746,ETH-USD,Ethereum
2025-08-09 00:00:00+00:00,793.4395752,818.512085,793.1973267,799.086731,2215143664,BNB-USD,BNB
2025-08-10 00:00:00+00:00,0.804054976,0.832746029,0.788191974,0.802287996,1080500013,ADA-USD,Cardano
2025-08-10 00:00:00+00:00,116497.7188,119320.7109,116485.1641,119306.7578,64755458694,BTC-USD,Bitcoin
2025-08-10 00:00:00+00:00,180.1828918,185.916748,177.9951324,182.9030151,6719478867,SOL-USD,Solana
2025-08-10 00:00:00+00:00,3.227880001,3.276627064,3.160249949,3.187855959,5480657770,XRP-USD,XRP
2025-08-10 00:00:00+00:00,4263.552734,4332.210449,4163.94043,4254.217773,36173931367,ETH-USD,Ethereum
2025-08-10 00:00:00+00:00,799.086731,815.0725098,796.2681885,805.8734741,2090904941,BNB-USD,BNB
2025-08-11 00:00:00+00:00,0.802287996,0.832243025,0.768382013,0.773976982,1413948082,ADA-USD,Cardano
2025-08-11 00:00:00+00:00,119306.8125,122321.0938,118159.0313,118731.4453,90528784177,BTC-USD,Bitcoin
2025-08-11 00:00:00+00:00,182.9030304,186.6573029,173.686676,174.9778137,7353962794,SOL-USD,Solana
2025-08-11 00:00:00+00:00,3.187868118,3.327235937,3.12204504,3.134514093,8655881431,XRP-USD,XRP
2025-08-11 00:00:00+00:00,4254.231445,4362.092773,4168.875,4226.966797,49989853803,ETH-USD,Ethereum
2025-08-11 00:00:00+00:00,805.8734741,826.5098267,793.3786621,806.7302246,2805693912,BNB-USD,BNB
2025-08-12 00:00:00+00:00,0.773968995,0.853739023,0.767755985,0.841203988,1984793671,ADA-USD,Cardano
2025-08-12 00:00:00+00:00,118717.6641,120302.4688,118228.7188,120172.9063,72803657984,BTC-USD,Bitcoin
2025-08-12 00:00:00+00:00,174.977829,193.4408417,173.8356171,191.8568268,8611505118,SOL-USD,Solana
2025-08-12 00:00:00+00:00,3.134493113,3.300262928,3.112154961,3.266505957,8909122577,XRP-USD,XRP
2025-08-12 00:00:00+00:00,4227.207031,4634.055176,4222.362305,4590.924805,57237189036,ETH-USD,Ethereum
2025-08-12 00:00:00+00:00,806.7435913,838.8615112,798.6620483,832.9265747,2889217820,BNB-USD,BNB
2025-08-13 00:00:00+00:00,0.841203988,0.918021977,0.834040999,0.905924022,2355898692,ADA-USD,Cardano
2025-08-13 00:00:00+00:00,120168.9766,123682.4531,118939.6328,123344.0625,90904808795,BTC-USD,Bitcoin
2025-08-13 00:00:00+00:00,191.8568268,204.4700165,191.4954529,201.5904236,11831412257,SOL-USD,Solana
2025-08-13 00:00:00+00:00,3.26651001,3.323839903,3.207496881,3.280591011,8866523352,XRP-USD,XRP
2025-08-13 00:00:00+00:00,4590.657715,4784.668945,4566.23877,4756.275879,62550014642,ETH-USD,Ethereum
2025-08-13 00:00:00+00:00,832.9265747,857.7623901,829.0764771,849.0054932,3364649534,BNB-USD,BNB
2025-08-14 00:00:00+00:00,0.905923009,1.016463995,0.881165981,0.925382972,6566984812,ADA-USD,Cardano
2025-08-14 00:00:00+00:00,123339.3984,124457.1172,117254.8828,118359.5781,1.04E+11,BTC-USD,Bitcoin
2025-08-14 00:00:00+00:00,201.586731,209.6668549,187.783371,192.5859528,14664456934,SOL-USD,Solana
2025-08-14 00:00:00+00:00,3.280572891,3.345988035,3.037256002,3.083522081,12234770540,XRP-USD,XRP
2025-08-14 00:00:00+00:00,4756.043457,4788.551758,4461.281738,4548.166504,75681632806,ETH-USD,Ethereum
2025-08-14 00:00:00+00:00,849.0054932,868.6798096,826.0021973,840.9309692,4687490471,BNB-USD,BNB
2025-08-15 00:00:00+00:00,0.925396025,0.961076975,0.914171994,0.943835974,3727215369,ADA-USD,Cardano
2025-08-15 00:00:00+00:00,118365.7813,119332.3125,116864.5703,117398.3516,68665353159,BTC-USD,Bitcoin
2025-08-15 00:00:00+00:00,192.5877686,198.1383209,183.7640076,185.7412567,7685764515,SOL-USD,Solana
2025-08-15 00:00:00+00:00,3.083555937,3.142761946,3.008507013,3.078666925,7119201345,XRP-USD,XRP
2025-08-15 00:00:00+00:00,4549.075684,4667.72998,4375.54541,4439.98877,55445715824,ETH-USD,Ethereum
2025-08-15 00:00:00+00:00,840.9309692,853.4983521,813.8512573,827.2891846,3843113557,BNB-USD,BNB
2025-08-16 00:00:00+00:00,0.943841994,0.975259006,0.903833985,0.921281993,2342325704,ADA-USD,Cardano
2025-08-16 00:00:00+00:00,117398.4219,117996.0625,117271.9531,117491.3516,48036922378,BTC-USD,Bitcoin
2025-08-16 00:00:00+00:00,185.7395477,189.9811401,185.4577789,189.7669983,3716008732,SOL-USD,Solana
2025-08-16 00:00:00+00:00,3.078669071,3.15625906,3.078030109,3.108139992,4171845770,XRP-USD,XRP
2025-08-16 00:00:00+00:00,4439.998047,4493.149414,4379.164551,4426.180176,26816931514,ETH-USD,Ethereum
2025-08-16 00:00:00+00:00,827.2891846,839.5164795,826.6146851,839.3980713,1960223183,BNB-USD,BNB
2025-08-17 00:00:00+00:00,0.921298027,0.984838009,0.906894982,0.961889029,2190571305,ADA-USD,Cardano
2025-08-17 00:00:00+00:00,117492.7891,118595.7734,117279.5234,117453.0625,45852169525,BTC-USD,Bitcoin
2025-08-17 00:00:00+00:00,189.7658539,195.4407959,187.7236786,191.1648254,4221788171,SOL-USD,Solana
2025-08-17 00:00:00+00:00,3.108128071,3.146683931,3.088334084,3.089040995,3705547889,XRP-USD,XRP
2025-08-17 00:00:00+00:00,4426.259766,4575.876465,4400.713379,4473.271484,31348101438,ETH-USD,Ethereum
2025-08-17 00:00:00+00:00,839.3967896,863.3430786,839.1815796,856.4029541,2286889646,BNB-USD,BNB
2025-08-18 00:00:00+00:00,0.961870015,0.965991974,0.894490004,0.923255026,2301661145,ADA-USD,Cardano
2025-08-18 00:00:00+00:00,117453.9063,117614.1719,114723.6797,116252.3125,72787808090,BTC-USD,Bitcoin
2025-08-18 00:00:00+00:00,191.1644897,191.3541565,180.4141083,183.06987,6328028844,SOL-USD,Solana
2025-08-18 00:00:00+00:00,3.089041948,3.095645905,2.947266102,3.061482906,8082538521,XRP-USD,XRP
2025-08-18 00:00:00+00:00,4473.330566,4484.009766,4229.379883,4312.504883,53518423360,ETH-USD,Ethereum
2025-08-18 00:00:00+00:00,856.4033203,858.3074341,826.5350342,847.4179077,2765082388,BNB-USD,BNB
2025-08-19 00:00:00+00:00,0.923236012,0.950600028,0.844931006,0.84503901,2803347062,ADA-USD,Cardano
2025-08-19 00:00:00+00:00,116241.8594,116764.5,112730.3984,112831.1797,71657600353,BTC-USD,Bitcoin
2025-08-19 00:00:00+00:00,183.0696869,185.7837372,175.9924164,176.1122742,5990636025,SOL-USD,Solana
2025-08-19 00:00:00+00:00,3.061486959,3.080255985,2.851950884,2.852924109,7026863070,XRP-USD,XRP
2025-08-19 00:00:00+00:00,4312.530273,4355.075195,4070.5354,4073.464111,50440367102,ETH-USD,Ethereum
2025-08-19 00:00:00+00:00,847.4179077,851.9415894,823.3566895,823.565918,2718797059,BNB-USD,BNB
2025-08-20 00:00:00+00:00,0.845067024,0.890990973,0.839766026,0.880822003,2190768811,ADA-USD,Cardano
2025-08-20 00:00:00+00:00,112828.0234,114625.7969,112387.9609,114274.7422,67993811526,BTC-USD,Bitcoin
2025-08-20 00:00:00+00:00,176.1138763,187.6895447,176.1010132,187.5863037,6283111574,SOL-USD,Solana
2025-08-20 00:00:00+00:00,2.853065968,2.98529911,2.82673192,2.95074892,7007191461,XRP-USD,XRP
2025-08-20 00:00:00+00:00,4073.168213,4376.789551,4064.965088,4334.500488,49577862965,ETH-USD,Ethereum
2025-08-20 00:00:00+00:00,823.565918,880.3314819,819.329895,869.1038818,3612563758,BNB-USD,BNB
2025-08-21 00:00:00+00:00,0.880822003,0.890734017,0.848527014,0.851020992,1294029938,ADA-USD,Cardano
2025-08-21 00:00:00+00:00,114275.6875,114802.6484,111986.2344,112419.0313,57817883700,BTC-USD,Bitcoin
2025-08-21 00:00:00+00:00,187.5863037,189.400528,179.7133331,180.2806244,5379108039,SOL-USD,Solana
2025-08-21 00:00:00+00:00,2.95074892,2.952174902,2.843972921,2.850474119,4660595472,XRP-USD,XRP
2025-08-21 00:00:00+00:00,4334.567383,4338.826172,4205.776855,4223.209961,33618359942,ETH-USD,Ethereum
2025-08-21 00:00:00+00:00,869.1038818,882.5895386,834.0795898,839.0408325,2848998239,BNB-USD,BNB
2025-08-22 00:00:00+00:00,0.851018012,0.939024985,0.823418975,0.929920971,2834699734,ADA-USD,Cardano
2025-08-22 00:00:00+00:00,112433.7344,117377.3984,111678.9453,116874.0859,82528088240,BTC-USD,Bitcoin
2025-08-22 00:00:00+00:00,180.2796936,201.9373474,177.474762,200.6474457,10256417346,SOL-USD,Solana
2025-08-22 00:00:00+00:00,2.850512981,3.097992897,2.784343004,3.075773001,10060500291,XRP-USD,XRP
2025-08-22 00:00:00+00:00,4223.730957,4884.228027,4209.472168,4831.348633,75965521535,ETH-USD,Ethereum
2025-08-22 00:00:00+00:00,839.0408325,899.7001343,839.0408325,898.7745361,3534039226,BNB-USD,BNB
2025-08-23 00:00:00+00:00,0.929919004,0.933588028,0.892295003,0.913133025,1485858765,ADA-USD,Cardano
2025-08-23 00:00:00+00:00,116866.3672,116996.25,114536.1094,115374.3281,55377142586,BTC-USD,Bitcoin
2025-08-23 00:00:00+00:00,200.6461639,207.8390045,195.3718414,203.9367371,7845395369,SOL-USD,Solana
2025-08-23 00:00:00+00:00,3.0757761,3.075788021,2.970676899,3.046214104,4711873113,XRP-USD,XRP
2025-08-23 00:00:00+00:00,4831.088379,4831.61084,4669.725098,4776.090332,36503623278,ETH-USD,Ethereum
2025-08-23 00:00:00+00:00,898.7745361,899.359436,876.512146,880.0461426,2470653598,BNB-USD,BNB
2025-08-24 00:00:00+00:00,0.913147986,0.960089982,0.889163017,0.909606993,2134094046,ADA-USD,Cardano
2025-08-24 00:00:00+00:00,115387.3906,115615.0859,111060.5469,113458.4297,73961489632,BTC-USD,Bitcoin
2025-08-24 00:00:00+00:00,203.937149,211.7602386,201.7071991,205.8523712,11456987571,SOL-USD,Solana
2025-08-24 00:00:00+00:00,3.046226025,3.123673916,2.998924017,3.025868893,6414069609,XRP-USD,XRP
2025-08-24 00:00:00+00:00,4776.70459,4953.73291,4714.472656,4779.647461,52405003873,ETH-USD,Ethereum
2025-08-24 00:00:00+00:00,880.0533447,885.5560303,860.0352173,876.0802002,2909070734,BNB-USD,BNB
2025-08-25 00:00:00+00:00,0.90960902,0.925234973,0.833048999,0.837633014,2362229556,ADA-USD,Cardano
2025-08-25 00:00:00+00:00,113456.8984,113637.8438,109324.2813,110124.3516,85706860190,BTC-USD,Bitcoin
2025-08-25 00:00:00+00:00,205.8554382,213.006134,186.0250549,187.2784424,13048248034,SOL-USD,Solana
2025-08-25 00:00:00+00:00,3.025876999,3.049161911,2.83337903,2.861272097,7446594518,XRP-USD,XRP
2025-08-25 00:00:00+00:00,4779.769531,4796.350098,4343.947266,4372.987793,63936163545,ETH-USD,Ethereum
2025-08-25 00:00:00+00:00,876.0802002,879.9407349,835.2559814,840.171936,3300479072,BNB-USD,BNB
2025-08-26 00:00:00+00:00,0.837626994,0.873822987,0.832103014,0.866683006,1410119067,ADA-USD,Cardano
2025-08-26 00:00:00+00:00,110124.1016,112397.0156,108762.0391,111802.6563,69396320317,BTC-USD,Bitcoin
2025-08-26 00:00:00+00:00,187.2684174,197.8465271,186.1734467,195.9050903,8032115173,SOL-USD,Solana
2025-08-26 00:00:00+00:00,2.86125803,3.073735952,2.85772109,3.012217999,7015039498,XRP-USD,XRP
2025-08-26 00:00:00+00:00,4372.880371,4632.073242,4316.300781,4600.426758,53829747706,ETH-USD,Ethereum
2025-08-26 00:00:00+00:00,840.1710205,867.7128296,832.7194214,863.6304932,2609863400,BNB-USD,BNB
2025-08-27 00:00:00+00:00,0.866676986,0.875193,0.850097001,0.850156009,1323719490,ADA-USD,Cardano
2025-08-27 00:00:00+00:00,111795.7109,112619.4141,110398.2656,111222.0625,62137056409,BTC-USD,Bitcoin
2025-08-27 00:00:00+00:00,195.9060059,211.8575745,194.0631104,202.9233704,12883119559,SOL-USD,Solana
2025-08-27 00:00:00+00:00,3.012232065,3.042534113,2.964276075,2.966618061,6656258780,XRP-USD,XRP
2025-08-27 00:00:00+00:00,4600.510254,4659.987305,4489.297852,4503.393066,43509902322,ETH-USD,Ethereum
2025-08-27 00:00:00+00:00,863.6304932,866.9847412,853.8656616,855.6463013,2391188252,BNB-USD,BNB
2025-08-28 00:00:00+00:00,0.850160003,0.877847016,0.843833983,0.857749999,1202927839,ADA-USD,Cardano
2025-08-28 00:00:00+00:00,111219.0547,113450.0781,110900.9219,112544.8047,58860155962,BTC-USD,Bitcoin
2025-08-28 00:00:00+00:00,202.925705,216.0874023,202.0071411,214.4056396,12079041801,SOL-USD,Solana
2025-08-28 00:00:00+00:00,2.966720104,3.024069071,2.946099043,2.967094898,5961279099,XRP-USD,XRP
2025-08-28 00:00:00+00:00,4503.631348,4629.03125,4435.109375,4507.177734,36045274078,ETH-USD,Ethereum
2025-08-28 00:00:00+00:00,855.6463013,878.8085938,851.8986206,874.3660278,2744315947,BNB-USD,BNB
2025-08-29 00:00:00+00:00,0.857757986,0.86262399,0.812197983,0.827136993,1678140344,ADA-USD,Cardano
2025-08-29 00:00:00+00:00,112550.5234,112619.0547,107559.625,108410.8359,77843379644,BTC-USD,Bitcoin
2025-08-29 00:00:00+00:00,214.4013367,217.8367004,200.4359436,205.2200012,14055051455,SOL-USD,Solana
2025-08-29 00:00:00+00:00,2.967050076,2.972436905,2.780958891,2.821957111,8455152430,XRP-USD,XRP
2025-08-29 00:00:00+00:00,4507.631348,4513.859375,4272.459473,4360.152832,46899991962,ETH-USD,Ethereum
2025-08-29 00:00:00+00:00,874.3545532,876.8477173,851.3141479,863.2765503,2614507748,BNB-USD,BNB
2025-08-30 00:00:00+00:00,0.827153981,0.841853023,0.809112012,0.822404981,795989685,ADA-USD,Cardano
2025-08-30 00:00:00+00:00,108409.4063,108929.3516,107444.4453,108808.0703,51486264208,BTC-USD,Bitcoin
2025-08-30 00:00:00+00:00,205.2144775,206.8003998,197.8941956,202.8601379,5828701739,SOL-USD,Solana
2025-08-30 00:00:00+00:00,2.821933031,2.833678961,2.771291971,2.818186045,3786859473,XRP-USD,XRP
2025-08-30 00:00:00+00:00,4360.088867,4413.274902,4264.195313,4374.15332,25883112278,ETH-USD,Ethereum
2025-08-30 00:00:00+00:00,863.2821655,863.6447754,852.8187256,862.4039917,2030968355,BNB-USD,BNB
2025-08-31 00:00:00+00:00,0.822412014,0.836935997,0.811002016,0.811361015,686397615,ADA-USD,Cardano
2025-08-31 00:00:00+00:00,108818.4609,109491,108104.6563,108236.7109,47986191770,BTC-USD,Bitcoin
2025-08-31 00:00:00+00:00,202.857193,206.506958,200.6566925,200.8635406,5028997406,SOL-USD,Solana
2025-08-31 00:00:00+00:00,2.818191051,2.864312887,2.774384022,2.776640892,3292986154,XRP-USD,XRP
2025-08-31 00:00:00+00:00,4374.893555,4497.176758,4373.59668,4390.019043,26683044984,ETH-USD,Ethereum
2025-08-31 00:00:00+00:00,862.4039917,867.5966797,857.3178101,857.8167725,1741117798,BNB-USD,BNB
2025-09-01 00:00:00+00:00,0.811363995,0.842688024,0.785773993,0.800185978,1560962898,ADA-USD,Cardano
2025-09-01 00:00:00+00:00,108228.75,109890.5859,107271.1797,109250.5938,66870372995,BTC-USD,Bitcoin
2025-09-01 00:00:00+00:00,200.8618622,204.2178497,194.3780212,197.1083374,7253329838,SOL-USD,Solana
2025-09-01 00:00:00+00:00,2.776680946,2.8342731,2.706442118,2.753695011,8041446525,XRP-USD,XRP
2025-09-01 00:00:00+00:00,4389.625977,4490.34668,4221.247559,4314.470215,37530746508,ETH-USD,Ethereum
2025-09-01 00:00:00+00:00,857.8126221,866.973877,840.897522,845.8262939,2756614903,BNB-USD,BNB
2025-09-02 00:00:00+00:00,0.800189972,0.834733009,0.799328983,0.834581017,1225760452,ADA-USD,Cardano
2025-09-02 00:00:00+00:00,109243.0703,111748.0156,108454.0313,111200.5859,74776999491,BTC-USD,Bitcoin
2025-09-02 00:00:00+00:00,197.1095886,209.4815369,197.0936584,209.4815369,8625200488,SOL-USD,Solana
2025-09-02 00:00:00+00:00,2.753838062,2.862517118,2.750747919,2.861859083,7493678799,XRP-USD,XRP
2025-09-02 00:00:00+00:00,4314.391113,4414.934082,4260.459473,4325.365723,39884692334,ETH-USD,Ethereum
2025-09-02 00:00:00+00:00,845.8262939,856.4644165,841.6126099,851.7772217,2385434736,BNB-USD,BNB
2025-09-03 00:00:00+00:00,0.834580004,0.843014002,0.827355027,0.83653003,873946795,ADA-USD,Cardano
2025-09-03 00:00:00+00:00,111190.6953,112600.2266,110582.9609,111723.2109,61119643565,BTC-USD,Bitcoin
2025-09-03 00:00:00+00:00,209.4827881,212.8235168,207.5840759,210.7463074,6966454259,SOL-USD,Solana
2025-09-03 00:00:00+00:00,2.861848116,2.884850025,2.814042091,2.844894886,4435438842,XRP-USD,XRP
2025-09-03 00:00:00+00:00,4324.696289,4489.19873,4286.206055,4450.38916,35260873497,ETH-USD,Ethereum
2025-09-03 00:00:00+00:00,851.7772217,863.4725342,849.157959,855.2587891,1915348780,BNB-USD,BNB
2025-09-04 00:00:00+00:00,0.83653003,0.841346025,0.804166973,0.809886992,865781781,ADA-USD,Cardano
2025-09-04 00:00:00+00:00,111718.1484,112208.3281,109347.2266,110723.6016,60131132901,BTC-USD,Bitcoin
2025-09-04 00:00:00+00:00,210.7463074,211.7950134,202.1270142,202.5601807,5241887525,SOL-USD,Solana
2025-09-04 00:00:00+00:00,2.8449049,2.859074116,2.788585901,2.795828104,4856488220,XRP-USD,XRP
2025-09-04 00:00:00+00:00,4450.21582,4483.451172,4268.588867,4298.744141,34919798552,ETH-USD,Ethereum
2025-09-04 00:00:00+00:00,855.2588501,856.9368286,841.8807983,843.8029785,1915009280,BNB-USD,BNB
2025-09-05 00:00:00+00:00,0.809870005,0.846068978,0.805779994,0.831068993,1262808667,ADA-USD,Cardano
2025-09-05 00:00:00+00:00,110723.0156,113357.4922,110233.3984,110650.9844,60241647677,BTC-USD,Bitcoin
2025-09-05 00:00:00+00:00,202.5467377,209.8600616,201.1800079,203.4985199,7780086538,SOL-USD,Solana
2025-09-05 00:00:00+00:00,2.795816898,2.882705927,2.781094074,2.81624794,6912100967,XRP-USD,XRP
2025-09-05 00:00:00+00:00,4298.836914,4484.361328,4258.049805,4306.98877,44163736676,ETH-USD,Ethereum
2025-09-05 00:00:00+00:00,843.8029785,857.2246094,843.746521,849.979248,2025139739,BNB-USD,BNB
2025-09-06 00:00:00+00:00,0.831068993,0.835273027,0.815433025,0.818450987,579154321,ADA-USD,Cardano
2025-09-06 00:00:00+00:00,110650.5703,111275.0156,110024.0859,110224.6953,21500719036,BTC-USD,Bitcoin
2025-09-06 00:00:00+00:00,203.4985199,204.5575409,199.6403961,200.2463074,3057210360,SOL-USD,Solana
2025-09-06 00:00:00+00:00,2.81624794,2.827824116,2.79451108,2.810854912,2098512724,XRP-USD,XRP
2025-09-06 00:00:00+00:00,4306.973145,4327.439941,4244.754883,4274.242188,18108246446,ETH-USD,Ethereum
2025-09-06 00:00:00+00:00,849.979248,864.4991455,849.574585,861.7720947,1992250771,BNB-USD,BNB
2025-09-07 00:00:00+00:00,0.818452001,0.840815008,0.818440974,0.835058987,719398251,ADA-USD,Cardano
2025-09-07 00:00:00+00:00,110221.3281,111591.0781,110211.625,111167.6172,24618007520,BTC-USD,Bitcoin
2025-09-07 00:00:00+00:00,200.2473602,207.8673401,200.2285004,206.4681854,4153166545,SOL-USD,Solana
2025-09-07 00:00:00+00:00,2.810854912,2.910407066,2.810627937,2.878561974,3861213414,XRP-USD,XRP
2025-09-07 00:00:00+00:00,4274.166992,4334.274414,4271.53418,4305.347656,17426783536,ETH-USD,Ethereum
2025-09-07 00:00:00+00:00,861.7720947,882.8858032,861.2745361,880.6130371,1996378716,BNB-USD,BNB
2025-09-08 00:00:00+00:00,0.835058987,0.868512988,0.831197977,0.865052998,1398016818,ADA-USD,Cardano
2025-09-08 00:00:00+00:00,111163.0156,112869.2344,110630.6094,112071.4297,40212813407,BTC-USD,Bitcoin
2025-09-08 00:00:00+00:00,206.4645386,216.8997803,205.7173615,214.1864014,10019366594,SOL-USD,Solana
2025-09-08 00:00:00+00:00,2.878556013,2.991900921,2.867198944,2.970401049,6130006998,XRP-USD,XRP
2025-09-08 00:00:00+00:00,4305.381348,4381.274902,4279.972168,4308.072266,32277142378,ETH-USD,Ethereum
2025-09-08 00:00:00+00:00,880.6130371,885.2318115,872.0386353,878.2759399,2289021738,BNB-USD,BNB
2025-09-09 00:00:00+00:00,0.865056992,0.893634975,0.853707016,0.865032017,1730015556,ADA-USD,Cardano
2025-09-09 00:00:00+00:00,112077.5781,113225.4375,110776.7031,111530.5469,45984480722,BTC-USD,Bitcoin
2025-09-09 00:00:00+00:00,214.1865387,219.5234985,211.1582489,217.2506866,8798692220,SOL-USD,Solana
2025-09-09 00:00:00+00:00,2.970402956,3.03320694,2.935214996,2.946614027,5916483406,XRP-USD,XRP
2025-09-09 00:00:00+00:00,4308.283203,4381.226563,4277.853027,4309.041504,30703320925,ETH-USD,Ethereum
2025-09-09 00:00:00+00:00,878.2759399,884.2359009,871.8602295,880.0150146,1795168603,BNB-USD,BNB
2025-09-10 00:00:00+00:00,0.865025997,0.893970013,0.860626996,0.88468802,1204166506,ADA-USD,Cardano
2025-09-10 00:00:00+00:00,111531.25,114275.25,110940.0781,113955.3594,56377473784,BTC-USD,Bitcoin
2025-09-10 00:00:00+00:00,217.2503967,225.5124664,215.272522,223.986908,9070263027,SOL-USD,Solana
2025-09-10 00:00:00+00:00,2.946609974,3.019891024,2.936911106,2.98170805,4335352685,XRP-USD,XRP
2025-09-10 00:00:00+00:00,4309.091797,4450.417969,4286.0625,4349.145996,39521365146,ETH-USD,Ethereum
2025-09-10 00:00:00+00:00,880.0150146,906.1226196,877.5120239,893.5665894,2868650920,BNB-USD,BNB
2025-09-11 00:00:00+00:00,0.884701014,0.895448029,0.873604,0.894208014,1307050671,ADA-USD,Cardano
2025-09-11 00:00:00+00:00,113961.4297,115522.5469,113453.8359,115507.5391,45685065332,BTC-USD,Bitcoin
2025-09-11 00:00:00+00:00,223.9856873,228.9088287,222.0251465,228.7561798,9580815361,SOL-USD,Solana
2025-09-11 00:00:00+00:00,2.981725931,3.047404051,2.979171991,3.040934086,5308930163,XRP-USD,XRP
2025-09-11 00:00:00+00:00,4349.200195,4471.69873,4339.716797,4461.233398,35959212991,ETH-USD,Ethereum
2025-09-11 00:00:00+00:00,893.5665894,903.3329468,889.3707275,902.9833374,2250551806,BNB-USD,BNB
2025-09-12 00:00:00+00:00,0.894207001,0.917101026,0.884842992,0.917087018,1586142736,ADA-USD,Cardano
2025-09-12 00:00:00+00:00,115507.7891,116769.3828,114794.4844,116101.5781,54785725894,BTC-USD,Bitcoin
2025-09-12 00:00:00+00:00,228.7562408,243.7889099,228.2635498,242.3032837,13008621197,SOL-USD,Solana
2025-09-12 00:00:00+00:00,3.040941954,3.129295111,3.021178961,3.107641935,6243311041,XRP-USD,XRP
2025-09-12 00:00:00+00:00,4461.479492,4734.273926,4453.284668,4715.246094,43839753626,ETH-USD,Ethereum
2025-09-12 00:00:00+00:00,902.9833374,928.6170044,901.9741211,925.0307007,2648100391,BNB-USD,BNB
2025-09-13 00:00:00+00:00,0.917084992,0.952570975,0.917051017,0.929843009,2205805247,ADA-USD,Cardano
2025-09-13 00:00:00+00:00,116093.5625,116334.6328,115248.2734,115950.5078,34549454947,BTC-USD,Bitcoin
2025-09-13 00:00:00+00:00,242.3009796,244.14328,236.4732971,242.5959015,7478581447,SOL-USD,Solana
2025-09-13 00:00:00+00:00,3.107618093,3.183451891,3.094568014,3.121467113,5576961697,XRP-USD,XRP
2025-09-13 00:00:00+00:00,4714.703613,4763.361328,4609.125488,4668.179688,34843845977,ETH-USD,Ethereum
2025-09-13 00:00:00+00:00,925.0307007,942.5284424,923.8671875,933.8996582,2744192106,BNB-USD,BNB
2025-09-14 00:00:00+00:00,0.929843009,0.93048197,0.881362975,0.888990998,1388605835,ADA-USD,Cardano
2025-09-14 00:00:00+00:00,115950.2891,116181.5,115222.3984,115407.6563,32798036057,BTC-USD,Bitcoin
2025-09-14 00:00:00+00:00,242.5955963,249.1241302,240.2139282,240.5576935,9358190854,SOL-USD,Solana
2025-09-14 00:00:00+00:00,3.121447086,3.125075102,3.013175011,3.032525063,4780192678,XRP-USD,XRP
2025-09-14 00:00:00+00:00,4668.171387,4690.64209,4581.847168,4609.597656,28394160275,ETH-USD,Ethereum
2025-09-14 00:00:00+00:00,933.8996582,944.0581665,923.7640381,927.2416992,2338327311,BNB-USD,BNB
2025-09-15 00:00:00+00:00,0.888988018,0.902164996,0.854780972,0.863507986,1947621867,ADA-USD,Cardano
2025-09-15 00:00:00+00:00,115399.6328,116747.8828,114461.0625,115444.875,52937859416,BTC-USD,Bitcoin
2025-09-15 00:00:00+00:00,240.5480957,244.000412,230.4840088,234.3575592,10017744936,SOL-USD,Solana
2025-09-15 00:00:00+00:00,3.032521963,3.066500902,2.960891008,2.997108936,6168345239,XRP-USD,XRP
2025-09-15 00:00:00+00:00,4609.723145,4670.530273,4469.861328,4526.820313,40224062009,ETH-USD,Ethereum
2025-09-15 00:00:00+00:00,927.2432251,935.2177124,911.5524292,919.9702148,2475846477,BNB-USD,BNB
2025-09-16 00:00:00+00:00,0.863507986,0.883823991,0.856025994,0.880689979,1267357116,ADA-USD,Cardano
2025-09-16 00:00:00+00:00,115423.7578,117005.2734,114813.0938,116843.1875,45781744593,BTC-USD,Bitcoin
2025-09-16 00:00:00+00:00,234.3592224,240.6835175,231.8729706,236.9895782,7521208086,SOL-USD,Solana
2025-09-16 00:00:00+00:00,2.997111082,3.057734966,2.970246077,3.03849411,4790701693,XRP-USD,XRP
2025-09-16 00:00:00+00:00,4526.078125,4537.599609,4428.330078,4503.564453,32761501436,ETH-USD,Ethereum
2025-09-16 00:00:00+00:00,919.9702148,958.6553955,917.2383423,955.7125854,3101245055,BNB-USD,BNB
2025-09-17 00:00:00+00:00,0.880686998,0.91831702,0.864292979,0.913092017,1875277351,ADA-USD,Cardano
2025-09-17 00:00:00+00:00,116840.5078,117328.6094,114794.9766,116468.5078,60528025996,BTC-USD,Bitcoin
2025-09-17 00:00:00+00:00,236.9775238,246.4639435,232.7739716,244.8574524,10420751509,SOL-USD,Solana
2025-09-17 00:00:00+00:00,3.038491964,3.10620594,2.989348888,3.084991932,6464944702,XRP-USD,XRP
2025-09-17 00:00:00+00:00,4503.635742,4617.234863,4429.644531,4592.733398,44120899417,ETH-USD,Ethereum
2025-09-17 00:00:00+00:00,955.6878662,993.1290283,947.7709961,990.3097534,3641636248,BNB-USD,BNB
2025-09-18 00:00:00+00:00,0.913106024,0.937821984,0.901014984,0.925355971,2009670534,ADA-USD,Cardano
2025-09-18 00:00:00+00:00,116461.2656,117911.7891,116188.7969,117137.2031,49457272032,BTC-USD,Bitcoin
2025-09-18 00:00:00+00:00,244.8513031,253.2098999,242.9065857,247.6371307,9258651570,SOL-USD,Solana
2025-09-18 00:00:00+00:00,3.08494997,3.137372971,3.059120893,3.076268911,6370715154,XRP-USD,XRP
2025-09-18 00:00:00+00:00,4592.442871,4643.972656,4556.27002,4589.918945,33497259158,ETH-USD,Ethereum
2025-09-18 00:00:00+00:00,990.3190308,1005.292236,980.3798218,981.8352051,3741252935,BNB-USD,BNB
2025-09-19 00:00:00+00:00,0.925355971,0.936379015,0.887431979,0.890935004,1573603604,ADA-USD,Cardano
2025-09-19 00:00:00+00:00,117137.6719,117479.7578,115141.8203,115688.8594,38828473971,BTC-USD,Bitcoin
2025-09-19 00:00:00+00:00,247.6382446,248.5066071,235.871933,238.5527039,7513642552,SOL-USD,Solana
2025-09-19 00:00:00+00:00,3.076272964,3.091960907,2.982812881,2.991852045,5081524032,XRP-USD,XRP
2025-09-19 00:00:00+00:00,4589.505859,4620.792969,4443.264648,4470.916992,30352619653,ETH-USD,Ethereum
2025-09-19 00:00:00+00:00,981.8352051,1002.082886,975.8117676,984.1240845,3293771895,BNB-USD,BNB
2025-09-20 00:00:00+00:00,0.890932977,0.906316996,0.888697982,0.893932998,785758505,ADA-USD,Cardano
2025-09-20 00:00:00+00:00,115691.125,116191.1484,115473.5234,115721.9609,22864449614,BTC-USD,Bitcoin
2025-09-20 00:00:00+00:00,238.5497589,240.9989624,237.1777649,239.5924835,3518711912,SOL-USD,Solana
2025-09-20 00:00:00+00:00,2.991832018,3.009767056,2.972692966,2.978919029,3128134656,XRP-USD,XRP
2025-09-20 00:00:00+00:00,4470.978516,4509.812012,4459.15918,4482.265625,18056494322,ETH-USD,Ethereum
2025-09-20 00:00:00+00:00,984.1345215,1043.243896,984.119751,1042.650146,3759046572,BNB-USD,BNB
2025-09-21 00:00:00+00:00,0.893934011,0.902329028,0.877903998,0.885275006,878284682,ADA-USD,Cardano
2025-09-21 00:00:00+00:00,115730.2266,115901.0859,115252.5781,115306.0938,22495852193,BTC-USD,Bitcoin
2025-09-21 00:00:00+00:00,239.5933075,241.8089294,235.7166901,236.5754547,3513052984,SOL-USD,Solana
2025-09-21 00:00:00+00:00,2.978929996,3.012864113,2.958009958,2.973408937,3006847619,XRP-USD,XRP
2025-09-21 00:00:00+00:00,4482.583984,4499.38916,4447.119141,4451.329102,19330306133,ETH-USD,Ethereum
2025-09-21 00:00:00+00:00,1042.66272,1080.477661,1041.026245,1048.672363,4306431415,BNB-USD,BNB
2025-09-22 00:00:00+00:00,0.885259986,0.887480974,0.806029975,0.82575202,2389033730,ADA-USD,Cardano
2025-09-22 00:00:00+00:00,115309.2188,115431.3125,112037.6484,112748.5078,70684158591,BTC-USD,Bitcoin
2025-09-22 00:00:00+00:00,236.5742188,236.8692627,216.9177704,220.4964447,12102727916,SOL-USD,Solana
2025-09-22 00:00:00+00:00,2.973418951,2.975092888,2.775836945,2.853009939,10061060584,XRP-USD,XRP
2025-09-22 00:00:00+00:00,4451.580566,4457.08252,4092.396729,4202.877441,58221334533,ETH-USD,Ethereum
2025-09-22 00:00:00+00:00,1048.671143,1050.318359,978.5733032,993.0140381,4892903256,BNB-USD,BNB
2025-09-23 00:00:00+00:00,0.825766981,0.829150975,0.805330992,0.807618976,1108855046,ADA-USD,Cardano
2025-09-23 00:00:00+00:00,112757.4766,113351.9141,111535.5703,112014.5,47211853279,BTC-USD,Bitcoin
2025-09-23 00:00:00+00:00,220.5039063,221.3500519,212.8028564,213.7173004,7373425460,SOL-USD,Solana
2025-09-23 00:00:00+00:00,2.85302496,2.893624067,2.805123091,2.828156948,5443127217,XRP-USD,XRP
2025-09-23 00:00:00+00:00,4203.021484,4227.731445,4120.81543,4165.503906,32460075911,ETH-USD,Ethereum
2025-09-23 00:00:00+00:00,993.0140381,1026.245605,964.5532227,1017.019897,4038510425,BNB-USD,BNB
2025-09-24 00:00:00+00:00,0.807621002,0.829083025,0.794896007,0.81318599,1067044180,ADA-USD,Cardano
2025-09-24 00:00:00+00:00,112007.6641,113986.2734,111229.6406,113328.6328,48044595085,BTC-USD,Bitcoin
2025-09-24 00:00:00+00:00,213.7107239,216.380188,206.0406036,211.7562561,8377116522,SOL-USD,Solana
2025-09-24 00:00:00+00:00,2.828119993,2.993590117,2.803144932,2.928035021,6233618625,XRP-USD,XRP
2025-09-24 00:00:00+00:00,4165.412598,4206.901855,4081.347656,4153.469238,33538388785,ETH-USD,Ethereum
2025-09-24 00:00:00+00:00,1017.029297,1034.05481,995.2929077,1018.847839,3603925585,BNB-USD,BNB
2025-09-25 00:00:00+00:00,0.81318903,0.814409018,0.758351028,0.762789011,1914562312,ADA-USD,Cardano
2025-09-25 00:00:00+00:00,113330.1641,113541.0859,108713.3984,109049.2891,75528654284,BTC-USD,Bitcoin
2025-09-25 00:00:00+00:00,211.7534485,212.4007568,192.0831451,192.3807678,12314273479,SOL-USD,Solana
2025-09-25 00:00:00+00:00,2.928054094,2.943459988,2.73872304,2.742319107,9262038626,XRP-USD,XRP
2025-09-25 00:00:00+00:00,4153.520996,4162.0625,3829.010742,3868.333984,68963092031,ETH-USD,Ethereum
2025-09-25 00:00:00+00:00,1018.871887,1019.842834,943.3248291,945.713623,4693762081,BNB-USD,BNB
2025-09-26 00:00:00+00:00,0.762781024,0.79610002,0.759253025,0.792192996,1170359717,ADA-USD,Cardano
2025-09-26 00:00:00+00:00,109041.2969,110359.1953,108728.9766,109712.8281,57738288949,BTC-USD,Bitcoin
2025-09-26 00:00:00+00:00,192.3979645,205.4152832,191.1266479,205.3525543,10334548744,SOL-USD,Solana
2025-09-26 00:00:00+00:00,2.74236393,2.809046984,2.703968048,2.785811901,7991469350,XRP-USD,XRP
2025-09-26 00:00:00+00:00,3868.690918,4069.168701,3868.433594,4035.887939,47873508328,ETH-USD,Ethereum
2025-09-26 00:00:00+00:00,945.713623,964.7283936,933.505249,960.9239502,3789703570,BNB-USD,BNB
2025-09-27 00:00:00+00:00,0.792190015,0.794147015,0.777507007,0.781701028,554628951,ADA-USD,Cardano
2025-09-27 00:00:00+00:00,109707.1406,109778.5,109144.2969,109681.9453,26308042910,BTC-USD,Bitcoin
2025-09-27 00:00:00+00:00,205.3451843,205.3991394,200.2690887,203.5833282,4016294139,SOL-USD,Solana
2025-09-27 00:00:00+00:00,2.785804033,2.826157093,2.766432047,2.807734966,2924457406,XRP-USD,XRP
2025-09-27 00:00:00+00:00,4035.914551,4038.45166,3975.758057,4018.658203,20382555776,ETH-USD,Ethereum
2025-09-27 00:00:00+00:00,960.9239502,983.9268799,957.4020996,968.7895508,2777184185,BNB-USD,BNB
2025-09-28 00:00:00+00:00,0.781701982,0.811254978,0.765927017,0.808166027,744912865,ADA-USD,Cardano
2025-09-28 00:00:00+00:00,109681.9453,112375.4844,109236.9453,112122.6406,33371048505,BTC-USD,Bitcoin
2025-09-28 00:00:00+00:00,203.5832367,210.896225,198.3204346,210.7377472,4467879569,SOL-USD,Solana
2025-09-28 00:00:00+00:00,2.807713985,2.866821051,2.769887924,2.86658597,3306243728,XRP-USD,XRP
2025-09-28 00:00:00+00:00,4018.659668,4143.003906,3969.792969,4141.476563,24631307054,ETH-USD,Ethereum
2025-09-28 00:00:00+00:00,968.7895508,993.3856812,964.2875366,993.3155518,2519459113,BNB-USD,BNB
2025-09-29 00:00:00+00:00,0.808165014,0.814960003,0.789974988,0.806797028,1048602865,ADA-USD,Cardano
2025-09-29 00:00:00+00:00,112117.875,114473.5703,111589.9531,114400.3828,60000147466,BTC-USD,Bitcoin
2025-09-29 00:00:00+00:00,210.7397308,214.6881104,205.1308136,213.0534058,6886600486,SOL-USD,Solana
2025-09-29 00:00:00+00:00,2.866586924,2.915370941,2.848622084,2.882692099,5241844741,XRP-USD,XRP
2025-09-29 00:00:00+00:00,4141.356445,4234.782715,4087.927246,4217.341797,38560429932,ETH-USD,Ethereum
2025-09-29 00:00:00+00:00,993.3157959,1035.725464,992.6415405,1030.741211,3359320684,BNB-USD,BNB
2025-09-30 00:00:00+00:00,0.806792021,0.811984003,0.779953003,0.807202995,1095173989,ADA-USD,Cardano
2025-09-30 00:00:00+00:00,114396.5234,114836.6172,112740.5625,114056.0859,58986330258,BTC-USD,Bitcoin
2025-09-30 00:00:00+00:00,213.0449677,213.5068054,204.5656433,208.7431183,6873718512,SOL-USD,Solana
2025-09-30 00:00:00+00:00,2.882663012,2.906138897,2.818289995,2.846930981,4983474471,XRP-USD,XRP
2025-09-30 00:00:00+00:00,4217.055176,4238.671387,4095.443604,4145.95752,37679153330,ETH-USD,Ethereum
2025-09-30 00:00:00+00:00,1030.741211,1032.796021,994.4840088,1008.483459,3076619211,BNB-USD,BNB
2025-10-01 00:00:00+00:00,0.807202995,0.850040019,0.798196018,0.850040019,1380143338,ADA-USD,Cardano
2025-10-01 00:00:00+00:00,114057.5938,118648.9297,113981.3984,118648.9297,71328680132,BTC-USD,Bitcoin
2025-10-01 00:00:00+00:00,208.7422333,221.6758728,206.6206665,221.6758728,8264703260,SOL-USD,Solana
2025-10-01 00:00:00+00:00,2.846941948,2.958820105,2.816854954,2.947278023,6320890474,XRP-USD,XRP
2025-10-01 00:00:00+00:00,4146.033691,4351.112305,4125.541992,4351.112305,46161664723,ETH-USD,Ethereum
2025-10-01 00:00:00+00:00,1008.483459,1034.829712,1003.883728,1026.166748,3100184262,BNB-USD,BNB
2025-10-02 00:00:00+00:00,0.850035012,0.877269983,0.839115977,0.870320022,1417653094,ADA-USD,Cardano
2025-10-02 00:00:00+00:00,118652.3828,121086.4063,118383.1563,120681.2578,71415163912,BTC-USD,Bitcoin
2025-10-02 00:00:00+00:00,221.6947327,234.8605804,219.859848,234.8568726,9665302715,SOL-USD,Solana
2025-10-02 00:00:00+00:00,2.947293997,3.099251032,2.943373919,3.039324045,7342967135,XRP-USD,XRP
2025-10-02 00:00:00+00:00,4352.240723,4517.665039,4336.526367,4487.923828,48074066058,ETH-USD,Ethereum
2025-10-02 00:00:00+00:00,1026.166748,1097.211792,1023.982727,1090.65564,3813163059,BNB-USD,BNB
2025-10-03 00:00:00+00:00,0.870315015,0.890991986,0.850439012,0.866315007,1417255332,ADA-USD,Cardano
2025-10-03 00:00:00+00:00,120656.9844,123944.7031,119344.3125,122266.5313,83941392228,BTC-USD,Bitcoin
2025-10-03 00:00:00+00:00,234.8539886,236.7911835,227.6767426,233.0019684,9289248668,SOL-USD,Solana
2025-10-03 00:00:00+00:00,3.039343119,3.093135118,3.008373022,3.040880919,6969299806,XRP-USD,XRP
2025-10-03 00:00:00+00:00,4486.93457,4591.443848,4431.479004,4514.870605,49603450230,ETH-USD,Ethereum
2025-10-03 00:00:00+00:00,1090.65564,1190.354248,1085.595459,1189.919067,6097241167,BNB-USD,BNB
2025-10-04 00:00:00+00:00,0.866319001,0.868505001,0.834671021,0.839922011,923179980,ADA-USD,Cardano
2025-10-04 00:00:00+00:00,122267.4688,122857.6406,121577.5703,122425.4297,36769171735,BTC-USD,Bitcoin
2025-10-04 00:00:00+00:00,233.0009766,233.9008484,224.4738312,228.0032043,4553115834,SOL-USD,Solana
2025-10-04 00:00:00+00:00,3.040887117,3.050185919,2.942514896,2.969348907,4164234298,XRP-USD,XRP
2025-10-04 00:00:00+00:00,4514.90918,4519.526855,4444.012695,4489.197266,21832270764,ETH-USD,Ethereum
2025-10-04 00:00:00+00:00,1189.928833,1190.008423,1138.266113,1150.547607,3775482131,BNB-USD,BNB
2025-10-05 00:00:00+00:00,0.839920998,0.880026996,0.830133975,0.837351978,1432571585,ADA-USD,Cardano
2025-10-05 00:00:00+00:00,122419.6719,125559.2109,122191.9609,123513.4766,73689317763,BTC-USD,Bitcoin
2025-10-05 00:00:00+00:00,228.0025024,236.7772369,226.8981628,228.6011963,7132874650,SOL-USD,Solana
2025-10-05 00:00:00+00:00,2.969345093,3.068089008,2.950803041,2.970640898,5535126764,XRP-USD,XRP
2025-10-05 00:00:00+00:00,4489.053223,4616.533203,4472.138672,4515.422852,44880806324,ETH-USD,Ethereum
2025-10-05 00:00:00+00:00,1150.545288,1186.85437,1145.528809,1165.527588,3611451465,BNB-USD,BNB
2025-10-06 00:00:00+00:00,0.837355018,0.879710972,0.834016025,0.871815979,1536337222,ADA-USD,Cardano
2025-10-06 00:00:00+00:00,123510.4531,126198.0703,123196.0469,124752.5313,72568881188,BTC-USD,Bitcoin
2025-10-06 00:00:00+00:00,228.6011047,237.3225403,227.9980469,232.516037,7521265450,SOL-USD,Solana
2025-10-06 00:00:00+00:00,2.970617056,3.046444893,2.95974493,2.990716934,6393948188,XRP-USD,XRP
2025-10-06 00:00:00+00:00,4515.300781,4736.208984,4492.870117,4687.771484,44992456374,ETH-USD,Ethereum
2025-10-06 00:00:00+00:00,1165.527588,1237.81189,1164.016846,1223.581055,5653272930,BNB-USD,BNB
2025-10-07 00:00:00+00:00,0.871815026,0.876929998,0.819586992,0.82090199,1591420298,ADA-USD,Cardano
2025-10-07 00:00:00+00:00,124752.1406,125184.0234,120681.9688,121451.3828,76149412513,BTC-USD,Bitcoin
2025-10-07 00:00:00+00:00,232.5147705,235.0864868,220.4546967,220.4827118,9339230314,SOL-USD,Solana
2025-10-07 00:00:00+00:00,2.990710974,2.999748945,2.854876041,2.855971098,7275425947,XRP-USD,XRP
2025-10-07 00:00:00+00:00,4687.709961,4755.220215,4443.571289,4451.151855,54879425294,ETH-USD,Ethereum
2025-10-07 00:00:00+00:00,1223.580078,1336.565552,1209.281494,1310.214355,11163171147,BNB-USD,BNB
2025-10-08 00:00:00+00:00,0.82090503,0.84533298,0.811728001,0.838916004,1135536629,ADA-USD,Cardano
2025-10-08 00:00:00+00:00,121448.3516,124167.0938,121119.1797,123354.8672,65354305286,BTC-USD,Bitcoin
2025-10-08 00:00:00+00:00,220.4855499,229.5643311,218.1841888,229.1012115,7198664384,SOL-USD,Solana
2025-10-08 00:00:00+00:00,2.855977058,2.923064947,2.842967033,2.880804062,4668884369,XRP-USD,XRP
2025-10-08 00:00:00+00:00,4451.10791,4556.22168,4417.768066,4527.647949,40456628235,ETH-USD,Ethereum
2025-10-08 00:00:00+00:00,1310.227661,1332.831543,1270.310303,1306.599365,7916662087,BNB-USD,BNB
2025-10-09 00:00:00+00:00,0.838910997,0.839119017,0.797138989,0.815645993,1196536220,ADA-USD,Cardano
2025-10-09 00:00:00+00:00,123337.0703,123739.3438,119812.0313,121705.5859,74653009425,BTC-USD,Bitcoin
2025-10-09 00:00:00+00:00,229.0968781,229.3157806,217.1989441,220.9910736,7901186012,SOL-USD,Solana
2025-10-09 00:00:00+00:00,2.880784988,2.88083601,2.779107094,2.804909945,5640441736,XRP-USD,XRP
2025-10-09 00:00:00+00:00,4526.960938,4531.716797,4273.55957,4369.143555,47903074596,ETH-USD,Ethereum
2025-10-09 00:00:00+00:00,1306.597412,1318.057373,1228.082031,1255.890625,8172167891,BNB-USD,BNB
2025-10-10 00:00:00+00:00,0.815643013,0.822695017,0.332967997,0.634835005,4203182760,ADA-USD,Cardano
2025-10-10 00:00:00+00:00,121704.7422,122509.6641,104582.4141,113214.3672,1.53E+11,BTC-USD,Bitcoin
2025-10-10 00:00:00+00:00,220.9930573,224.2544098,174.0697327,188.6638641,16784427014,SOL-USD,Solana
2025-10-10 00:00:00+00:00,2.804909945,2.833611965,1.528450966,2.35859704,15623107075,XRP-USD,XRP
2025-10-10 00:00:00+00:00,4369.06543,4395.570801,3460.222412,3843.008789,97736621123,ETH-USD,Ethereum
2025-10-10 00:00:00+00:00,1255.887573,1276.358154,962.4681396,1106.89856,10329526518,BNB-USD,BNB
2025-10-11 00:00:00+00:00,0.634835005,0.681959987,0.614932001,0.632179976,2703054560,ADA-USD,Cardano
2025-10-11 00:00:00+00:00,113236.4297,113429.7266,109760.5625,110807.8828,1.10E+11,BTC-USD,Bitcoin
2025-10-11 00:00:00+00:00,188.6389008,190.8791351,173.7547913,178.0541687,12850012618,SOL-USD,Solana
2025-10-11 00:00:00+00:00,2.35875392,2.501993895,2.322168112,2.385982037,11749648817,XRP-USD,XRP
2025-10-11 00:00:00+00:00,3840.960449,3882.241455,3652.790039,3750.611572,62475475938,ETH-USD,Ethereum
2025-10-11 00:00:00+00:00,1106.89856,1180.525879,1080.718384,1137.199341,8101403820,BNB-USD,BNB
2025-10-12 00:00:00+00:00,0.632143021,0.708216012,0.621523976,0.701505005,1600069384,ADA-USD,Cardano
2025-10-12 00:00:00+00:00,110811.5156,115805.0625,109715.5391,115169.7656,93710414091,BTC-USD,Bitcoin
2025-10-12 00:00:00+00:00,178.0561981,198.8739777,173.5213928,197.5085449,11797041281,SOL-USD,Solana
2025-10-12 00:00:00+00:00,2.385956049,2.581763983,2.320972919,2.534957886,9877639191,XRP-USD,XRP
2025-10-12 00:00:00+00:00,3750.946045,4195.397461,3701.478271,4164.427734,61216174681,ETH-USD,Ethereum
2025-10-12 00:00:00+00:00,1137.199341,1319.771973,1110.197388,1303.11731,10201040572,BNB-USD,BNB
2025-10-13 00:00:00+00:00,0.701530993,0.735054016,0.698125005,0.729258001,1714657141,ADA-USD,Cardano
2025-10-13 00:00:00+00:00,115161.6797,116020.4844,113821.1875,115271.0781,71582026739,BTC-USD,Bitcoin
2025-10-13 00:00:00+00:00,197.5121918,209.2491913,191.9441681,208.3672943,11469454798,SOL-USD,Solana
2025-10-13 00:00:00+00:00,2.53508997,2.645212889,2.521790981,2.60649991,8579698636,XRP-USD,XRP
2025-10-13 00:00:00+00:00,4164.049316,4292.845703,4061.224609,4245.467773,50253782420,ETH-USD,Ethereum
2025-10-13 00:00:00+00:00,1303.147339,1370.546021,1257.110229,1293.473267,11820387271,BNB-USD,BNB
2025-10-14 00:00:00+00:00,0.729261994,0.73258698,0.665723026,0.699692011,1861960330,ADA-USD,Cardano
2025-10-14 00:00:00+00:00,115264.8828,115502.8828,110029.4844,113118.6641,92212917403,BTC-USD,Bitcoin
2025-10-14 00:00:00+00:00,208.3635559,211.1050415,191.6710205,202.4603424,13600198608,SOL-USD,Solana
2025-10-14 00:00:00+00:00,2.60649395,2.620472908,2.40762496,2.505660057,8358303560,XRP-USD,XRP
2025-10-14 00:00:00+00:00,4245.372559,4265.105469,3895.973633,4125.412109,67094148347,ETH-USD,Ethereum
2025-10-14 00:00:00+00:00,1293.473267,1316.407104,1147.75,1211.051147,10106588255,BNB-USD,BNB
2025-10-15 00:00:00+00:00,0.699693024,0.713326991,0.661867023,0.668802023,1209547947,ADA-USD,Cardano
2025-10-15 00:00:00+00:00,113113.9688,113622.3828,110235.8359,110783.1641,72574132855,BTC-USD,Bitcoin
2025-10-15 00:00:00+00:00,202.4618683,208.3311615,192.700058,194.0218658,9867608882,SOL-USD,Solana
2025-10-15 00:00:00+00:00,2.505666971,2.525715113,2.389588118,2.412666082,5540248401,XRP-USD,XRP
2025-10-15 00:00:00+00:00,4125.361328,4213.855957,3935.161377,3987.459473,50462889453,ETH-USD,Ethereum
2025-10-15 00:00:00+00:00,1211.051147,1221.70752,1151.835205,1162.691772,5853929585,BNB-USD,BNB
2025-10-16 00:00:00+00:00,0.668799996,0.683553994,0.635841012,0.644944012,1359176043,ADA-USD,Cardano
2025-10-16 00:00:00+00:00,110782.1719,111990.8125,107537.0313,108186.0391,87306423067,BTC-USD,Bitcoin
2025-10-16 00:00:00+00:00,194.0218658,197.9557495,182.2513428,184.6889496,10042886154,SOL-USD,Solana
2025-10-16 00:00:00+00:00,2.412672043,2.462858915,2.287636995,2.329067945,7020912336,XRP-USD,XRP
2025-10-16 00:00:00+00:00,3987.148926,4079.648193,3829.654053,3894.754395,49147390731,ETH-USD,Ethereum
2025-10-16 00:00:00+00:00,1162.693726,1193.773926,1125.333252,1145.825317,5605348340,BNB-USD,BNB
2025-10-17 00:00:00+00:00,0.644944012,0.653941989,0.595169008,0.624843001,1684167803,ADA-USD,Cardano
2025-10-17 00:00:00+00:00,108179.1328,109235.8047,103598.4297,106467.7891,99703051669,BTC-USD,Bitcoin
2025-10-17 00:00:00+00:00,184.686203,187.4285736,174.7441711,182.03479,10401735741,SOL-USD,Solana
2025-10-17 00:00:00+00:00,2.328989983,2.380460024,2.197175026,2.294239044,7915224855,XRP-USD,XRP
2025-10-17 00:00:00+00:00,3894.377686,3950.566895,3678.620361,3832.558838,57404271888,ETH-USD,Ethereum
2025-10-17 00:00:00+00:00,1145.817993,1154.891235,1024.083252,1071.963013,6656427568,BNB-USD,BNB
2025-10-18 00:00:00+00:00,0.624848008,0.640819013,0.624350011,0.634460986,549396048,ADA-USD,Cardano
2025-10-18 00:00:00+00:00,106483.7344,107490.9844,106387.4531,107198.2656,37779905278,BTC-USD,Bitcoin
2025-10-18 00:00:00+00:00,182.0361633,188.2678833,182.0239868,187.6602936,4108902789,SOL-USD,Solana
2025-10-18 00:00:00+00:00,2.294410944,2.391555071,2.294410944,2.360510111,2903249765,XRP-USD,XRP
2025-10-18 00:00:00+00:00,3833.009521,3927.245605,3822.266357,3890.346191,23815676385,ETH-USD,Ethereum
2025-10-18 00:00:00+00:00,1071.965576,1129.192505,1071.473877,1093.152466,3767783165,BNB-USD,BNB
2025-10-19 00:00:00+00:00,0.634460986,0.664487004,0.623411,0.652550995,874038329,ADA-USD,Cardano
2025-10-19 00:00:00+00:00,107204.3125,109488.9922,106157.7891,108666.7109,47657008953,BTC-USD,Bitcoin
2025-10-19 00:00:00+00:00,187.6602936,192.2006073,183.458252,187.7982025,4863227045,SOL-USD,Solana
2025-10-19 00:00:00+00:00,2.360510111,2.417567015,2.321039915,2.390631914,3399616949,XRP-USD,XRP
2025-10-19 00:00:00+00:00,3890.583496,4029.355469,3843.772949,3984.649658,32870655221,ETH-USD,Ethereum
2025-10-19 00:00:00+00:00,1093.152466,1132.34729,1069.307495,1109.680054,3690436753,BNB-USD,BNB
2025-10-20 00:00:00+00:00,0.652549982,0.675499022,0.640680015,0.663250983,1048326206,ADA-USD,Cardano
2025-10-20 00:00:00+00:00,108667.4453,111711.0313,107485.0156,110588.9297,63507793085,BTC-USD,Bitcoin
2025-10-20 00:00:00+00:00,187.7983093,194.341156,184.0466309,189.7506714,6103945646,SOL-USD,Solana
2025-10-20 00:00:00+00:00,2.390651941,2.543081999,2.3589921,2.493418932,4680466571,XRP-USD,XRP
2025-10-20 00:00:00+00:00,3984.696289,4084.159668,3911.726318,3980.760254,40224612563,ETH-USD,Ethereum
2025-10-20 00:00:00+00:00,1109.682129,1142.744507,1090.006836,1101.061646,4209252745,BNB-USD,BNB
2025-10-21 00:00:00+00:00,0.663214028,0.684629023,0.637932003,0.642913997,1195836837,ADA-USD,Cardano
2025-10-21 00:00:00+00:00,110587.6328,113996.3438,107534.75,108476.8906,1.01E+11,BTC-USD,Bitcoin
2025-10-21 00:00:00+00:00,189.7620392,197.3744812,183.3132477,185.666275,8186574439,SOL-USD,Solana
2025-10-21 00:00:00+00:00,2.495587111,2.531348944,2.404067993,2.424271107,5162489261,XRP-USD,XRP
2025-10-21 00:00:00+00:00,3980.740479,4109.533203,3843.227783,3876.76416,49960290350,ETH-USD,Ethereum
2025-10-21 00:00:00+00:00,1101.164917,1114.313232,1054.304932,1057.44043,4398689427,BNB-USD,BNB
2025-10-22 00:00:00+00:00,0.642920971,0.646683991,0.61135298,0.623971999,1083621498,ADA-USD,Cardano
2025-10-22 00:00:00+00:00,108491.5313,109115.1328,106778,107688.5859,80807013218,BTC-USD,Bitcoin
2025-10-22 00:00:00+00:00,185.6673279,187.3266296,177.6731415,180.1481323,7337365275,SOL-USD,Solana
2025-10-22 00:00:00+00:00,2.424279928,2.437922955,2.3350389,2.363862038,4563355252,XRP-USD,XRP
2025-10-22 00:00:00+00:00,3877.363037,3890.632324,3718.077148,3808.122314,46173305673,ETH-USD,Ethereum
2025-10-22 00:00:00+00:00,1057.44043,1082.929077,1054.07019,1072.047974,3625757780,BNB-USD,BNB
2025-10-23 00:00:00+00:00,0.623971999,0.652957976,0.623254001,0.642844975,786265376,ADA-USD,Cardano
2025-10-23 00:00:00+00:00,107679.4375,111288.5938,107548.4297,110069.7266,54944076060,BTC-USD,Bitcoin
2025-10-23 00:00:00+00:00,180.1481323,193.1755676,179.8008728,191.3882751,6358339771,SOL-USD,Solana
2025-10-23 00:00:00+00:00,2.363862038,2.423270941,2.363230944,2.395149946,3186334728,XRP-USD,XRP
2025-10-23 00:00:00+00:00,3808.084961,3930.974854,3801.241455,3856.026367,36361652714,ETH-USD,Ethereum
2025-10-23 00:00:00+00:00,1072.050903,1150.999268,1071.939453,1127.572998,5661131703,BNB-USD,BNB
2025-10-24 00:00:00+00:00,0.642849028,0.658829987,0.639687002,0.655891001,838536144,ADA-USD,Cardano
2025-10-24 00:00:00+00:00,110069.3516,111842.5313,109770.1484,111033.9219,48160816980,BTC-USD,Bitcoin
2025-10-24 00:00:00+00:00,191.3885956,195.3123322,189.1088867,193.5602264,5855077941,SOL-USD,Solana
2025-10-24 00:00:00+00:00,2.395153999,2.512458086,2.388927937,2.507473946,4400716181,XRP-USD,XRP
2025-10-24 00:00:00+00:00,3856.033203,4002.561768,3849.724854,3934.567383,34090708715,ETH-USD,Ethereum
2025-10-24 00:00:00+00:00,1127.572632,1141.639404,1098.93103,1109.148682,3451758493,BNB-USD,BNB
2025-10-25 00:00:00+00:00,0.655893981,0.658647001,0.649007022,0.654663026,469372495,ADA-USD,Cardano
2025-10-25 00:00:00+00:00,111032.6172,111947.7031,110704.4063,111641.7266,24707667305,BTC-USD,Bitcoin
2025-10-25 00:00:00+00:00,193.5608215,195.0833588,191.6033325,194.0403748,3170047006,SOL-USD,Solana
2025-10-25 00:00:00+00:00,2.507527113,2.645198107,2.505836964,2.596446991,3953836546,XRP-USD,XRP
2025-10-25 00:00:00+00:00,3934.48999,3967.645508,3914.640625,3953.470947,15245229017,ETH-USD,Ethereum
2025-10-25 00:00:00+00:00,1109.149902,1120.070679,1102.495117,1116.741211,2230311136,BNB-USD,BNB
2025-10-26 00:00:00+00:00,0.65466398,0.684230983,0.647481978,0.681062996,788298972,ADA-USD,Cardano
2025-10-26 00:00:00+00:00,111639.0547,115260.9063,111268.4844,114472.4453,41708524143,BTC-USD,Bitcoin
2025-10-26 00:00:00+00:00,194.0375824,200.6212158,192.1607666,200.0286255,4753310567,SOL-USD,Solana
2025-10-26 00:00:00+00:00,2.596451044,2.658691883,2.594789982,2.645145893,3805025865,XRP-USD,XRP
2025-10-26 00:00:00+00:00,3953.437256,4177.310547,3923.192627,4157.989258,29120786315,ETH-USD,Ethereum
2025-10-26 00:00:00+00:00,1116.741943,1141.955688,1115.533569,1137.586914,2746697366,BNB-USD,BNB
2025-10-27 00:00:00+00:00,0.681060016,0.691872001,0.66524899,0.667365015,909288252,ADA-USD,Cardano
2025-10-27 00:00:00+00:00,114479.8516,116273.3125,113882.2891,114119.3281,61761358733,BTC-USD,Bitcoin
2025-10-27 00:00:00+00:00,200.0274811,205.02005,197.5985413,198.7417145,6714497027,SOL-USD,Solana
2025-10-27 00:00:00+00:00,2.645143986,2.693447113,2.607439041,2.634629965,5079861417,XRP-USD,XRP
2025-10-27 00:00:00+00:00,4158.010742,4250.669922,4099.569824,4120.12207,40271333201,ETH-USD,Ethereum
2025-10-27 00:00:00+00:00,1137.587646,1180.014893,1134.291016,1139.745972,4501355092,BNB-USD,BNB
2025-10-28 00:00:00+00:00,0.667362988,0.674515009,0.639409006,0.646273017,1559874688,ADA-USD,Cardano
2025-10-28 00:00:00+00:00,114129.0859,116078.9844,112291.6797,112956.1641,64528066504,BTC-USD,Bitcoin
2025-10-28 00:00:00+00:00,198.7409973,203.8317566,191.3851929,194.4427948,8093133805,SOL-USD,Solana
2025-10-28 00:00:00+00:00,2.634644032,2.683330059,2.574120045,2.605977058,5654771816,XRP-USD,XRP
2025-10-28 00:00:00+00:00,4120.274902,4173.505371,3940.834229,3982.262451,39684155177,ETH-USD,Ethereum
2025-10-28 00:00:00+00:00,1139.750854,1148.55835,1088.881592,1103.144775,4178047763,BNB-USD,BNB
2025-10-29 00:00:00+00:00,0.646260023,0.65664202,0.634268999,0.640164971,1145954584,ADA-USD,Cardano
2025-10-29 00:00:00+00:00,112921.3281,113642.7266,109368.7188,110055.3047,62192043469,BTC-USD,Bitcoin
2025-10-29 00:00:00+00:00,194.4336243,201.6774445,190.6092072,194.4108734,8057327834,SOL-USD,Solana
2025-10-29 00:00:00+00:00,2.605962992,2.663019896,2.543359995,2.552021027,5094568015,XRP-USD,XRP
2025-10-29 00:00:00+00:00,3980.759033,4036.353027,3849.538818,3903.353027,35255876156,ETH-USD,Ethereum
2025-10-29 00:00:00+00:00,1103.14917,1120.72998,1089.768188,1107.16333,4169218996,BNB-USD,BNB
2025-10-30 00:00:00+00:00,0.640161991,0.64764601,0.588779986,0.601122975,1228514788,ADA-USD,Cardano
2025-10-30 00:00:00+00:00,110059.1953,111612.3516,106376.6875,108305.5469,69673964814,BTC-USD,Bitcoin
2025-10-30 00:00:00+00:00,194.400177,198.0394745,179.2217255,184.6244202,8688393422,SOL-USD,Solana
2025-10-30 00:00:00+00:00,2.551990032,2.589812994,2.390290976,2.439714909,6124183294,XRP-USD,XRP
2025-10-30 00:00:00+00:00,3903.32251,3948.222656,3681.909424,3804.375244,39981939289,ETH-USD,Ethereum
2025-10-30 00:00:00+00:00,1107.161987,1123.696899,1050.128296,1078.61145,4153774666,BNB-USD,BNB
2025-10-31 00:00:00+00:00,0.601149976,0.619032979,0.600344002,0.609165013,869785976,ADA-USD,Cardano
2025-10-31 00:00:00+00:00,108304.4141,111031.8203,108288.2734,109556.1641,60090359560,BTC-USD,Bitcoin
2025-10-31 00:00:00+00:00,184.628952,189.8535309,184.0207825,187.2094727,5699604751,SOL-USD,Solana
2025-10-31 00:00:00+00:00,2.439723015,2.546717882,2.437345028,2.508733034,4637688037,XRP-USD,XRP
2025-10-31 00:00:00+00:00,3805.082764,3900.580322,3797.669189,3847.080322,37800100395,ETH-USD,Ethereum
2025-10-31 00:00:00+00:00,1078.612549,1104.247559,1073.453979,1088.955444,4399392720,BNB-USD,BNB
2025-11-01 00:00:00+00:00,0.609165013,0.616550982,0.604822993,0.612201989,496102908,ADA-USD,Cardano
2025-11-01 00:00:00+00:00,109558.625,110574.8984,109372.9531,110064.0156,25871668762,BTC-USD,Bitcoin
2025-11-01 00:00:00+00:00,187.209259,187.3455658,184.062088,186.3800507,2742470897,SOL-USD,Solana
2025-11-01 00:00:00+00:00,2.508733988,2.521034002,2.479993105,2.505173922,1999237389,XRP-USD,XRP
2025-11-01 00:00:00+00:00,3847.171387,3906.780273,3832.634766,3874.187988,17490279524,ETH-USD,Ethereum
2025-11-01 00:00:00+00:00,1088.944336,1097.138184,1082.466919,1094.642334,2138185589,BNB-USD,BNB
2025-11-02 00:00:00+00:00,0.612201989,0.618117988,0.594864011,0.610804021,566990964,ADA-USD,Cardano
2025-11-02 00:00:00+00:00,110064.4297,111167.3125,109523.4531,110639.625,34284209459,BTC-USD,Bitcoin
2025-11-02 00:00:00+00:00,186.3796539,188.1415253,182.8292542,187.8259735,3213989849,SOL-USD,Solana
2025-11-02 00:00:00+00:00,2.505212069,2.546015978,2.479511976,2.529094934,2469844986,XRP-USD,XRP
2025-11-02 00:00:00+00:00,3873.894287,3914.875488,3839.997314,3911.063232,20479611654,ETH-USD,Ethereum
2025-11-02 00:00:00+00:00,1094.641479,1094.644531,1073.653076,1084.359863,2049912244,BNB-USD,BNB
2025-11-03 00:00:00+00:00,0.610791981,0.61094898,0.541468024,0.552313983,1542270537,ADA-USD,Cardano
2025-11-03 00:00:00+00:00,110646.9063,110764.9141,105336.3594,106547.5234,72852006359,BTC-USD,Bitcoin
2025-11-03 00:00:00+00:00,187.8260498,188.7412109,163.5452881,166.0906982,10083921329,SOL-USD,Solana
2025-11-03 00:00:00+00:00,2.528951883,2.529756069,2.265971899,2.309377909,6581778268,XRP-USD,XRP
2025-11-03 00:00:00+00:00,3911.747803,3912.633301,3560.263672,3602.308105,53091469560,ETH-USD,Ethereum
2025-11-03 00:00:00+00:00,1084.336426,1086.594482,975.7961426,992.5354004,4849653054,BNB-USD,BNB
2025-11-04 00:00:00+00:00,0.55230701,0.562440991,0.493393004,0.521495998,1869312291,ADA-USD,Cardano
2025-11-04 00:00:00+00:00,106541.4219,107264.8828,98962.0625,101590.5234,1.11E+11,BTC-USD,Bitcoin
2025-11-04 00:00:00+00:00,166.0955353,168.2003021,146.7495575,155.403183,11720472283,SOL-USD,Solana
2025-11-04 00:00:00+00:00,2.309353113,2.360527039,2.07615304,2.210616112,9860892049,XRP-USD,XRP
2025-11-04 00:00:00+00:00,3602.040771,3652.687256,3063.086914,3292.574463,76827517773,ETH-USD,Ethereum
2025-11-04 00:00:00+00:00,992.5518799,1000.198608,886.385437,937.8932495,5824529918,BNB-USD,BNB
2025-11-05 00:00:00+00:00,0.521489024,0.548915029,0.497527987,0.546145022,1137029829,ADA-USD,Cardano
2025-11-05 00:00:00+00:00,101579.2344,104534.7031,98989.91406,103891.8359,77584934804,BTC-USD,Bitcoin
2025-11-05 00:00:00+00:00,155.3994598,163.6578674,147.8924713,162.5660706,7278004532,SOL-USD,Solana
2025-11-05 00:00:00+00:00,2.210624933,2.371288061,2.109323025,2.345225096,6893540144,XRP-USD,XRP
2025-11-05 00:00:00+00:00,3292.148193,3479.80957,3170.513916,3425.171143,46955882330,ETH-USD,Ethereum
2025-11-05 00:00:00+00:00,937.8823242,966.8039551,903.8692627,959.9510498,3816276917,BNB-USD,BNB
2025-11-06 00:00:00+00:00,0.546137989,0.546137989,0.518979013,0.530982018,872096877,ADA-USD,Cardano
2025-11-06 00:00:00+00:00,103893.6641,104147.3047,100336.8672,101301.2891,63932752861,BTC-USD,Bitcoin
2025-11-06 00:00:00+00:00,162.563385,162.7792969,153.7943268,155.065918,5543550041,SOL-USD,Solana
2025-11-06 00:00:00+00:00,2.345212936,2.385771036,2.185985088,2.210848093,5711117897,XRP-USD,XRP
2025-11-06 00:00:00+00:00,3425.361084,3454.335938,3245.281738,3312.257813,36731850433,ETH-USD,Ethereum
2025-11-06 00:00:00+00:00,959.9534302,964.3312378,927.4452515,949.180481,2798073439,BNB-USD,BNB
2025-11-07 00:00:00+00:00,0.530991971,0.585506976,0.520811021,0.576011002,1278710472,ADA-USD,Cardano
2025-11-07 00:00:00+00:00,101286.2422,104052.9141,99257.05469,103372.4063,92168030081,BTC-USD,Bitcoin
2025-11-07 00:00:00+00:00,155.0664063,164.0925446,150.4438782,161.7081757,6565811742,SOL-USD,Solana
2025-11-07 00:00:00+00:00,2.210850954,2.366430044,2.15801692,2.31416297,5982883574,XRP-USD,XRP
2025-11-07 00:00:00+00:00,3312.029297,3471.804932,3195.896729,3435.301025,42609994022,ETH-USD,Ethereum
2025-11-07 00:00:00+00:00,949.2072144,994.4128418,927.1098633,990.5523682,3614944089,BNB-USD,BNB
2025-11-08 00:00:00+00:00,0.575968981,0.591494024,0.555014014,0.568422973,784247690,ADA-USD,Cardano
2025-11-08 00:00:00+00:00,103371.7031,103373.5625,101458.0391,102282.1172,51446691095,BTC-USD,Bitcoin
2025-11-08 00:00:00+00:00,161.7085266,164.7051086,156.0854797,158.1025085,3777278818,SOL-USD,Solana
2025-11-08 00:00:00+00:00,2.314208031,2.332689047,2.247106075,2.284894943,3186759680,XRP-USD,XRP
2025-11-08 00:00:00+00:00,3435.147461,3482.268311,3357.713135,3400.375977,23613870398,ETH-USD,Ethereum
2025-11-08 00:00:00+00:00,990.5819092,1005.863586,981.1117554,990.2227173,2913804232,BNB-USD,BNB
2025-11-09 00:00:00+00:00,0.568445027,0.583472013,0.549472988,0.578634977,714096111,ADA-USD,Cardano
2025-11-09 00:00:00+00:00,102278.9844,105418.3672,101468.875,104719.6406,59679243013,BTC-USD,Bitcoin
2025-11-09 00:00:00+00:00,158.1029816,166.2310333,155.3845367,164.4538422,4538025398,SOL-USD,Solana
2025-11-09 00:00:00+00:00,2.284923077,2.377732992,2.243827105,2.367656946,3226988283,XRP-USD,XRP
2025-11-09 00:00:00+00:00,3400.098633,3616.437012,3359.717529,3582.621338,28821543888,ETH-USD,Ethereum
2025-11-09 00:00:00+00:00,990.2310791,1005.938477,977.644043,996.579834,2642212274,BNB-USD,BNB
2025-11-10 00:00:00+00:00,0.578667998,0.601280987,0.576484978,0.592970014,831314134,ADA-USD,Cardano
2025-11-10 00:00:00+00:00,104723.7734,106564.6953,104350.6484,105996.5938,69585887229,BTC-USD,Bitcoin
2025-11-10 00:00:00+00:00,164.4512634,170.1552887,163.8563995,167.3670044,5424364139,SOL-USD,Solana
2025-11-10 00:00:00+00:00,2.367645025,2.577178955,2.356184959,2.526365042,6474566793,XRP-USD,XRP
2025-11-10 00:00:00+00:00,3583.444824,3656.148926,3508.98584,3568.459961,35638045619,ETH-USD,Ethereum
2025-11-10 00:00:00+00:00,996.5888672,1017.682861,977.107666,991.9196777,2844075057,BNB-USD,BNB
2025-11-11 00:00:00+00:00,0.592980981,0.60522002,0.554789007,0.556527972,857150089,ADA-USD,Cardano
2025-11-11 00:00:00+00:00,105996.8594,107428.2578,102457.3281,102997.4688,71130078574,BTC-USD,Bitcoin
2025-11-11 00:00:00+00:00,167.3673401,171.6073456,154.2648621,154.5683289,6202061657,SOL-USD,Solana
2025-11-11 00:00:00+00:00,2.526350975,2.565876007,2.382242918,2.39172411,4511908616,XRP-USD,XRP
2025-11-11 00:00:00+00:00,3568.472656,3644.52832,3404.861816,3415.282227,39734688531,ETH-USD,Ethereum
2025-11-11 00:00:00+00:00,991.9202881,1005.972534,956.8362427,958.2657471,2696896367,BNB-USD,BNB
2025-11-12 00:00:00+00:00,0.556524992,0.580143988,0.540585995,0.545261025,766808820,ADA-USD,Cardano
2025-11-12 00:00:00+00:00,103011.4375,105297.2344,100836.6172,101663.1875,64347179408,BTC-USD,Bitcoin
2025-11-12 00:00:00+00:00,154.5633392,161.0140686,151.4687653,153.2620392,5979682267,SOL-USD,Solana
2025-11-12 00:00:00+00:00,2.391722918,2.447227955,2.320275068,2.386895895,4769353442,XRP-USD,XRP
2025-11-12 00:00:00+00:00,3415.795898,3586.013916,3373.71167,3413.094238,34898956623,ETH-USD,Ethereum
2025-11-12 00:00:00+00:00,958.2320557,976.9577637,940.8616943,953.010498,2405972144,BNB-USD,BNB
2025-11-13 00:00:00+00:00,0.545264006,0.570087016,0.517212987,0.531114995,1056326483,ADA-USD,Cardano
2025-11-13 00:00:00+00:00,101674.1484,104005.4922,97988.71875,99697.49219,1.02E+11,BTC-USD,Bitcoin
2025-11-13 00:00:00+00:00,153.2600555,156.9860992,141.3976593,145.1084747,7354986019,SOL-USD,Solana
2025-11-13 00:00:00+00:00,2.386905909,2.520045996,2.284537077,2.331140041,7594356106,XRP-USD,XRP
2025-11-13 00:00:00+00:00,3412.994873,3561.86084,3156.030762,3232.75708,50283416669,ETH-USD,Ethereum
2025-11-13 00:00:00+00:00,953.0198364,969.8464966,907.619751,928.0466309,3034452281,BNB-USD,BNB
2025-11-14 00:00:00+00:00,0.531098008,0.532092988,0.494367987,0.49842,1192463993,ADA-USD,Cardano
2025-11-14 00:00:00+00:00,99694.70313,99804.42969,94000.73438,94397.78906,1.14E+11,BTC-USD,Bitcoin
2025-11-14 00:00:00+00:00,145.1084747,145.4672241,136.0413361,138.6766052,8170562276,SOL-USD,Solana
2025-11-14 00:00:00+00:00,2.331118107,2.335854053,2.231378078,2.243982077,7080963107,XRP-USD,XRP
2025-11-14 00:00:00+00:00,3232.295166,3252.660889,3071.970703,3103.785645,47003809463,ETH-USD,Ethereum
2025-11-14 00:00:00+00:00,928.0397339,932.6450195,889.4031982,915.3092651,3778463496,BNB-USD,BNB
2025-11-15 00:00:00+00:00,0.498427987,0.514267027,0.498084992,0.503400028,711753171,ADA-USD,Cardano
2025-11-15 00:00:00+00:00,94420.46875,96728.46875,94420.46875,95549.14844,38500716654,BTC-USD,Bitcoin
2025-11-15 00:00:00+00:00,138.6766052,143.5905914,138.6766052,139.535202,3449336899,SOL-USD,Solana
2025-11-15 00:00:00+00:00,2.243969917,2.297705889,2.219283104,2.235245943,2923818163,XRP-USD,XRP
2025-11-15 00:00:00+00:00,3104.230225,3227.690186,3104.230225,3166.631348,19932940649,ETH-USD,Ethereum
2025-11-15 00:00:00+00:00,915.1938477,944.0817261,915.1938477,932.2019043,1963778260,BNB-USD,BNB
2025-11-16 00:00:00+00:00,0.503404021,0.508373976,0.476087987,0.484845012,1034979545,ADA-USD,Cardano
2025-11-16 00:00:00+00:00,95556.86719,96564.1875,92971.16406,94177.07813,71086235862,BTC-USD,Bitcoin
2025-11-16 00:00:00+00:00,139.5326691,143.1594543,134.9656677,137.2657318,4722106857,SOL-USD,Solana
2025-11-16 00:00:00+00:00,2.235254049,2.276364088,2.161036015,2.216609001,4217661281,XRP-USD,XRP
2025-11-16 00:00:00+00:00,3166.793457,3244.837646,3007.072754,3092.847412,30987886524,ETH-USD,Ethereum
2025-11-16 00:00:00+00:00,932.1851807,948.5120239,910.9035034,927.2578735,2497118342,BNB-USD,BNB
2025-11-17 00:00:00+00:00,0.484831989,0.497200012,0.458142012,0.465532005,1209943614,ADA-USD,Cardano
2025-11-17 00:00:00+00:00,94180.875,95928.36719,91214.75781,92093.875,94186165724,BTC-USD,Bitcoin
2025-11-17 00:00:00+00:00,137.2653503,142.4675446,129.0191803,130.8482666,7330608944,SOL-USD,Solana
2025-11-17 00:00:00+00:00,2.216594934,2.291352987,2.118227005,2.162097931,6068395312,XRP-USD,XRP
2025-11-17 00:00:00+00:00,3092.94165,3218.130371,2957.30957,3024.538818,41026793235,ETH-USD,Ethereum
2025-11-17 00:00:00+00:00,927.2578735,936.9906616,893.0040894,906.4824219,3757441490,BNB-USD,BNB
2025-11-18 00:00:00+00:00,0.465530008,0.481225014,0.458667994,0.474979997,1101225671,ADA-USD,Cardano
2025-11-18 00:00:00+00:00,92094.53125,93745.07813,89300.46094,92948.875,1.01E+11,BTC-USD,Bitcoin
2025-11-18 00:00:00+00:00,130.8486938,141.8317261,129.3094025,140.714386,7400753648,SOL-USD,Solana
2025-11-18 00:00:00+00:00,2.16208005,2.236969948,2.115050077,2.216479063,5793233516,XRP-USD,XRP
2025-11-18 00:00:00+00:00,3024.414063,3167.932617,2948.329346,3122.979004,41581494270,ETH-USD,Ethereum
2025-11-18 00:00:00+00:00,906.4705811,937.3841553,888.5147095,932.4823608,3623344375,BNB-USD,BNB
2025-11-19 00:00:00+00:00,0.47497201,0.47617799,0.438968986,0.463239014,1037561742,ADA-USD,Cardano
2025-11-19 00:00:00+00:00,92946.16406,92946.16406,88526.82813,91465.99219,80350354656,BTC-USD,Bitcoin
2025-11-19 00:00:00+00:00,140.714386,142.4782562,130.6439056,136.7669525,6005404886,SOL-USD,Solana
2025-11-19 00:00:00+00:00,2.216479063,2.216479063,2.028031111,2.107618093,6144007301,XRP-USD,XRP
2025-11-19 00:00:00+00:00,3122.645996,3122.645996,2871.228027,3023.070801,40229739844,ETH-USD,Ethereum
2025-11-19 00:00:00+00:00,932.4846802,939.2861328,872.9431763,895.6196899,3254464199,BNB-USD,BNB
2025-11-20 00:00:00+00:00,0.463238001,0.469965994,0.429641008,0.432399005,988316139,ADA-USD,Cardano
2025-11-20 00:00:00+00:00,91459.35156,93025.07031,86040.79688,86631.89844,97970645638,BTC-USD,Bitcoin
2025-11-20 00:00:00+00:00,136.7677612,144.3306122,131.3891296,133.5171509,8497498957,SOL-USD,Solana
2025-11-20 00:00:00+00:00,2.10761404,2.146774054,1.977738976,1.998787045,6618490721,XRP-USD,XRP
2025-11-20 00:00:00+00:00,3022.885498,3057.788574,2790.5979,2831.777588,43917885207,ETH-USD,Ethereum
2025-11-20 00:00:00+00:00,895.6640015,912.65802,866.3438721,866.3438721,3038816761,BNB-USD,BNB
2025-11-21 00:00:00+00:00,0.432332009,0.438017994,0.39111799,0.409146994,1770073071,ADA-USD,Cardano
2025-11-21 00:00:00+00:00,86528.77344,87380.80469,80659.8125,85090.6875,1.29E+11,BTC-USD,Bitcoin
2025-11-21 00:00:00+00:00,133.5139618,134.7876434,122.2720642,128.5005035,10081815694,SOL-USD,Solana
2025-11-21 00:00:00+00:00,1.99871397,2.023618937,1.834871054,1.950402975,9204368766,XRP-USD,XRP
2025-11-21 00:00:00+00:00,2829.264648,2880.603027,2626.871582,2765.699219,51476486049,ETH-USD,Ethereum
2025-11-21 00:00:00+00:00,866.3346558,874.2615967,793.8209229,830.0787354,4772315493,BNB-USD,BNB
2025-11-22 00:00:00+00:00,0.409166008,0.411758989,0.391671985,0.404608011,553773916,ADA-USD,Cardano
2025-11-22 00:00:00+00:00,85098.5625,85503.00781,83490.89844,84648.35938,40793099246,BTC-USD,Bitcoin
2025-11-22 00:00:00+00:00,128.4985657,129.6438904,125.4048767,127.5512009,3490973210,SOL-USD,Solana
2025-11-22 00:00:00+00:00,1.950392008,1.962666035,1.893242955,1.949751019,3115116100,XRP-USD,XRP
2025-11-22 00:00:00+00:00,2766.090576,2795.426758,2704.502197,2767.607422,15408928941,ETH-USD,Ethereum
2025-11-22 00:00:00+00:00,830.0795288,841.4924927,815.2092896,833.3510742,2015396840,BNB-USD,BNB
2025-11-23 00:00:00+00:00,0.404608995,0.417694986,0.40209499,0.408549011,646391172,ADA-USD,Cardano
2025-11-23 00:00:00+00:00,84648.60938,88038.46875,84641.77344,86805.00781,58083435576,BTC-USD,Bitcoin
2025-11-23 00:00:00+00:00,127.5511322,133.3269196,127.5511322,130.7050629,3820042054,SOL-USD,Solana
2025-11-23 00:00:00+00:00,1.949754953,2.080102921,1.949720025,2.046264887,4120199235,XRP-USD,XRP
2025-11-23 00:00:00+00:00,2767.594971,2856.446533,2767.4729,2801.676025,20358404499,ETH-USD,Ethereum
2025-11-23 00:00:00+00:00,833.3475952,854.4036865,833.2874756,843.2247925,1754920246,BNB-USD,BNB
2025-11-24 00:00:00+00:00,0.408558011,0.433587998,0.404298991,0.427841991,814509902,ADA-USD,Cardano
2025-11-24 00:00:00+00:00,86798.77344,89206.33594,85272.19531,88270.5625,74433896110,BTC-USD,Bitcoin
2025-11-24 00:00:00+00:00,130.7060394,139.483902,128.5415192,138.3713531,6046925667,SOL-USD,Solana
2025-11-24 00:00:00+00:00,2.046399117,2.278395891,2.026716948,2.225878,6505730022,XRP-USD,XRP
2025-11-24 00:00:00+00:00,2801.204346,2982.822021,2763.37793,2952.713379,32491657389,ETH-USD,Ethereum
2025-11-24 00:00:00+00:00,843.2236328,875.2612915,832.0480347,864.4211426,2485800089,BNB-USD,BNB
2025-11-25 00:00:00+00:00,0.427843004,0.428620994,0.405883014,0.421617001,652730619,ADA-USD,Cardano
2025-11-25 00:00:00+00:00,88269.96094,88457.33594,86131.42969,87341.89063,64837343545,BTC-USD,Bitcoin
2025-11-25 00:00:00+00:00,138.378891,140.3466339,133.5081329,138.8911438,4512057787,SOL-USD,Solana
2025-11-25 00:00:00+00:00,2.226012945,2.259398937,2.151735067,2.198544025,4910340958,XRP-USD,XRP
2025-11-25 00:00:00+00:00,2952.584473,2978.704346,2857.835938,2957.936279,23336017779,ETH-USD,Ethereum
2025-11-25 00:00:00+00:00,864.4609985,866.9095459,838.9786377,862.1080322,2007620452,BNB-USD,BNB
2025-11-26 00:00:00+00:00,0.421617001,0.436576009,0.411659002,0.435622007,582375709,ADA-USD,Cardano
2025-11-26 00:00:00+00:00,87345.58594,90581.15625,86316.89844,90518.36719,66496301869,BTC-USD,Bitcoin
2025-11-26 00:00:00+00:00,138.8898773,144.4710388,135.6324615,143.0121918,5361639551,SOL-USD,Solana
2025-11-26 00:00:00+00:00,2.198543072,2.250157118,2.148216963,2.224284887,3853143882,XRP-USD,XRP
2025-11-26 00:00:00+00:00,2958.32959,3043.927002,2889.890625,3027.812012,21433162961,ETH-USD,Ethereum
2025-11-26 00:00:00+00:00,862.1033936,896.6287842,852.4906006,891.7533569,2040255309,BNB-USD,BNB
2025-11-27 00:00:00+00:00,0.435622007,0.438461989,0.427206993,0.433685005,482157613,ADA-USD,Cardano
2025-11-27 00:00:00+00:00,90517.76563,91897.57813,90089.51563,91285.375,57040622845,BTC-USD,Bitcoin
2025-11-27 00:00:00+00:00,143.0125275,144.1732178,140.695755,140.846405,3419017564,SOL-USD,Solana
2025-11-27 00:00:00+00:00,2.224284887,2.232724905,2.175270081,2.200824022,2820875208,XRP-USD,XRP
2025-11-27 00:00:00+00:00,3027.799072,3070.731934,2987.197754,3014.542236,16972780500,ETH-USD,Ethereum
2025-11-27 00:00:00+00:00,891.7745972,902.5869141,885.2288208,895.5598145,1780660164,BNB-USD,BNB
2025-11-28 00:00:00+00:00,0.433679014,0.435241014,0.416157007,0.420231014,624407301,ADA-USD,Cardano
2025-11-28 00:00:00+00:00,91285.38281,92969.08594,90257.11719,90919.26563,60895830289,BTC-USD,Bitcoin
2025-11-28 00:00:00+00:00,140.8464813,143.3042145,136.2854309,137.3901978,4865188881,SOL-USD,Solana
2025-11-28 00:00:00+00:00,2.20083189,2.262897968,2.161514044,2.180648088,4332649955,XRP-USD,XRP
2025-11-28 00:00:00+00:00,3014.543701,3095.033203,2995.765137,3032.304443,20659958964,ETH-USD,Ethereum
2025-11-28 00:00:00+00:00,895.5643921,904.3790894,877.3135376,887.6467896,2009647841,BNB-USD,BNB
2025-11-29 00:00:00+00:00,0.420228988,0.421572,0.413026989,0.415383011,379239805,ADA-USD,Cardano
2025-11-29 00:00:00+00:00,90918.74219,91187.61719,90260.1875,90851.75781,37921773455,BTC-USD,Bitcoin
2025-11-29 00:00:00+00:00,137.3906403,137.885788,135.1206818,136.0817108,2428334173,SOL-USD,Solana
2025-11-29 00:00:00+00:00,2.180649996,2.220598936,2.172507048,2.203377008,2108094066,XRP-USD,XRP
2025-11-29 00:00:00+00:00,3032.29541,3051.962891,2966.85083,2991.685303,12775481230,ETH-USD,Ethereum
2025-11-29 00:00:00+00:00,887.6465454,888.8530273,869.8357544,873.6898804,1357539865,BNB-USD,BNB
2025-11-30 00:00:00+00:00,0.415376008,0.427091002,0.41445899,0.415885001,397706532,ADA-USD,Cardano
2025-11-30 00:00:00+00:00,90838.21094,91965.04688,90394.3125,90394.3125,38497902869,BTC-USD,Bitcoin
2025-11-30 00:00:00+00:00,136.0821075,139.9371185,133.5648193,133.5648193,3123775023,SOL-USD,Solana
2025-11-30 00:00:00+00:00,2.203370094,2.212327003,2.160967112,2.160967112,1888526431,XRP-USD,XRP
2025-11-30 00:00:00+00:00,2991.375244,3051.5979,2978.826172,2992.112549,11530446514,ETH-USD,Ethereum
2025-11-30 00:00:00+00:00,873.6884766,899.5747681,871.0737305,877.5767822,1452982911,BNB-USD,BNB
2025-12-01 00:00:00+00:00,0.415892988,0.415892988,0.37192899,0.385713995,965561899,ADA-USD,Cardano
2025-12-01 00:00:00+00:00,90389.10938,90398.15625,83862.25,86321.57031,87962894424,BTC-USD,Bitcoin
2025-12-01 00:00:00+00:00,133.5648193,133.6072083,123.3138733,126.7090225,6212210725,SOL-USD,Solana
2025-12-01 00:00:00+00:00,2.160643101,2.160788059,1.987977028,2.030915976,5482181614,XRP-USD,XRP
2025-12-01 00:00:00+00:00,2991.923096,2996.881836,2720.436523,2800.188965,36679598313,ETH-USD,Ethereum
2025-12-01 00:00:00+00:00,877.5615845,877.704834,803.458252,827.4053955,2778473663,BNB-USD,BNB
2025-12-02 00:00:00+00:00,0.385713995,0.438365996,0.385690987,0.433964014,837346960,ADA-USD,Cardano
2025-12-02 00:00:00+00:00,86322.53906,92316.63281,86202.19531,91350.20313,78546798211,BTC-USD,Bitcoin
2025-12-02 00:00:00+00:00,126.7086182,140.6648254,126.1412582,138.6742096,6173683503,SOL-USD,Solana
2025-12-02 00:00:00+00:00,2.030915976,2.178848982,1.998329043,2.155522108,4387656803,XRP-USD,XRP
2025-12-02 00:00:00+00:00,2800.223145,3032.76123,2784.390625,2997.939697,26593645111,ETH-USD,Ethereum
2025-12-02 00:00:00+00:00,827.4092407,884.0598755,821.3009644,877.034668,2264885312,BNB-USD,BNB
2025-12-03 00:00:00+00:00,0.433954,0.453152001,0.42810601,0.450809002,817986188,ADA-USD,Cardano
2025-12-03 00:00:00+00:00,91345.09375,94060.77344,91056.39063,93527.80469,77650204986,BTC-USD,Bitcoin
2025-12-03 00:00:00+00:00,138.6730957,145.730072,137.9410553,144.8984985,5809364566,SOL-USD,Solana
2025-12-03 00:00:00+00:00,2.155469894,2.217345953,2.143659115,2.201905966,3860198446,XRP-USD,XRP
2025-12-03 00:00:00+00:00,2997.801514,3212.559814,2988.14209,3191.571777,29949301036,ETH-USD,Ethereum
2025-12-03 00:00:00+00:00,877.0285034,922.1299438,874.4122314,921.7537231,2754777581,BNB-USD,BNB
2025-12-04 00:00:00+00:00,0.450751007,0.454667985,0.435580999,0.439453989,642155044,ADA-USD,Cardano
2025-12-04 00:00:00+00:00,93454.25781,94038.24219,90976.10156,92141.625,64538402681,BTC-USD,Bitcoin
2025-12-04 00:00:00+00:00,144.8915405,146.7203827,138.0679932,139.0145264,4304817495,SOL-USD,Solana
2025-12-04 00:00:00+00:00,2.201587915,2.209690094,2.073594093,2.097172976,3357933972,XRP-USD,XRP
2025-12-04 00:00:00+00:00,3188.343506,3238.55542,3071.310059,3134.316406,27434991113,ETH-USD,Ethereum
2025-12-04 00:00:00+00:00,921.7321167,927.4549561,889.6174316,900.0661011,2052379059,BNB-USD,BNB
2025-12-05 00:00:00+00:00,0.439451993,0.442346007,0.410658985,0.416271001,590647098,ADA-USD,Cardano
2025-12-05 00:00:00+00:00,92133.64844,92702.64063,88152.14063,89387.75781,63256398633,BTC-USD,Bitcoin
2025-12-05 00:00:00+00:00,139.0139771,140.3798828,131.1352997,133.322998,4557254539,SOL-USD,Solana
2025-12-05 00:00:00+00:00,2.097155094,2.111675024,2.017951965,2.037606955,3315458822,XRP-USD,XRP
2025-12-05 00:00:00+00:00,3134.357422,3192.457031,2989.831543,3024.432861,28000268228,ETH-USD,Ethereum
2025-12-05 00:00:00+00:00,900.0637207,906.852356,873.4063721,884.2180786,1968850986,BNB-USD,BNB
2025-12-06 00:00:00+00:00,0.416271001,0.420848012,0.410421014,0.413931012,326306941,ADA-USD,Cardano
2025-12-06 00:00:00+00:00,89389.35938,90267.46094,88951.66406,89272.375,37994042405,BTC-USD,Bitcoin
2025-12-06 00:00:00+00:00,133.3243713,134.0698395,131.5065765,132.3484497,2061286212,SOL-USD,Solana
2025-12-06 00:00:00+00:00,2.037606001,2.049218893,2.018755913,2.032619953,1682146760,XRP-USD,XRP
2025-12-06 00:00:00+00:00,3024.487549,3067.661377,3013.981934,3040.207764,10962819760,ETH-USD,Ethereum
2025-12-06 00:00:00+00:00,884.2127686,896.6558228,878.9838257,890.5450439,1418385761,BNB-USD,BNB
2025-12-07 00:00:00+00:00,0.413933009,0.434314013,0.407584012,0.416810989,609158162,ADA-USD,Cardano
2025-12-07 00:00:00+00:00,89277.8125,91740.84375,87799.5625,90405.64063,47394898960,BTC-USD,Bitcoin
2025-12-07 00:00:00+00:00,132.3498688,136.2326813,128.2851105,132.0935669,3824892147,SOL-USD,Solana
2025-12-07 00:00:00+00:00,2.032627106,2.108813047,2.000180006,2.043420076,2832015064,XRP-USD,XRP
2025-12-07 00:00:00+00:00,3040.179199,3148.773438,2930.645264,3061.301758,20383496376,ETH-USD,Ethereum
2025-12-07 00:00:00+00:00,890.5266724,905.114502,872.8945923,894.0222778,1779976227,BNB-USD,BNB
2025-12-08 00:00:00+00:00,0.416833013,0.439981014,0.41545099,0.432191998,627341088,ADA-USD,Cardano
2025-12-08 00:00:00+00:00,90424.58594,92267.11719,89644.89063,90640.20313,57394099056,BTC-USD,Bitcoin
2025-12-08 00:00:00+00:00,132.095993,139.2073517,131.6746521,133.2782288,4710407082,SOL-USD,Solana
2025-12-08 00:00:00+00:00,2.043467999,2.116265059,2.036926031,2.07310605,2909008695,XRP-USD,XRP
2025-12-08 00:00:00+00:00,3061.013672,3177.867676,3043.703857,3125.197998,25262165670,ETH-USD,Ethereum
2025-12-08 00:00:00+00:00,894.0273438,911.5386353,891.7789917,897.6040649,1906067258,BNB-USD,BNB
2025-12-09 00:00:00+00:00,0.432191998,0.482867986,0.424636006,0.470005006,1369159342,ADA-USD,Cardano
2025-12-09 00:00:00+00:00,90639.70313,94601.57031,89586.97656,92691.71094,66861721440,BTC-USD,Bitcoin
2025-12-09 00:00:00+00:00,133.2783356,144.7427826,131.8707275,137.9016113,5869893316,SOL-USD,Solana
2025-12-09 00:00:00+00:00,2.07310605,2.174415112,2.045449018,2.108424902,3614920392,XRP-USD,XRP
2025-12-09 00:00:00+00:00,3124.942627,3395.838623,3092.876465,3321.11499,32012553374,ETH-USD,Ethereum
2025-12-09 00:00:00+00:00,897.5906372,926.5170898,882.4072266,898.8104248,2357057936,BNB-USD,BNB
2025-12-10 00:00:00+00:00,0.470001012,0.474103987,0.453487992,0.453900009,1065976755,ADA-USD,Cardano
2025-12-10 00:00:00+00:00,92695.23438,94477.15625,91640.13281,92020.94531,65420694513,BTC-USD,Bitcoin
2025-12-10 00:00:00+00:00,137.9060974,142.4423523,135.8628693,136.4690247,5949930252,SOL-USD,Solana
2025-12-10 00:00:00+00:00,2.108422041,2.108875036,2.041325092,2.043344975,3768702959,XRP-USD,XRP
2025-12-10 00:00:00+00:00,3321.204102,3446.622803,3290.146973,3325.390137,30694387989,ETH-USD,Ethereum
2025-12-10 00:00:00+00:00,898.7805786,914.1864014,884.9475098,894.6506348,2429639422,BNB-USD,BNB
2025-12-11 00:00:00+00:00,0.453902006,0.454519004,0.411031008,0.42534399,1224577869,ADA-USD,Cardano
2025-12-11 00:00:00+00:00,92011.30469,93554.26563,89335.29688,92511.33594,64532834621,BTC-USD,Bitcoin
2025-12-11 00:00:00+00:00,136.4637604,137.6780701,129.3840179,136.3715668,5833676784,SOL-USD,Solana
2025-12-11 00:00:00+00:00,2.043318033,2.052975893,1.986595988,2.035507917,3560399350,XRP-USD,XRP
2025-12-11 00:00:00+00:00,3324.386719,3327.344482,3149.034424,3237.056885,29066243707,ETH-USD,Ethereum
2025-12-11 00:00:00+00:00,894.6589966,894.6589966,861.2536621,886.166626,2524483059,BNB-USD,BNB
2025-12-12 00:00:00+00:00,0.425368994,0.428633004,0.404457986,0.409135014,753251550,ADA-USD,Cardano
2025-12-12 00:00:00+00:00,92513.66406,92747.92969,89532.60156,90270.41406,80275884583,BTC-USD,Bitcoin
2025-12-12 00:00:00+00:00,136.3699341,139.9873199,130.6798706,132.324295,5282060650,SOL-USD,Solana
2025-12-12 00:00:00+00:00,2.03550005,2.045636892,1.979568005,2.009145021,2650764203,XRP-USD,XRP
2025-12-12 00:00:00+00:00,3237.025635,3265.372559,3050.267334,3084.172607,24391003174,ETH-USD,Ethereum
2025-12-12 00:00:00+00:00,886.1660767,895.4688721,873.6081543,881.8676147,1807202490,BNB-USD,BNB
2025-12-13 00:00:00+00:00,0.409134001,0.415441006,0.407573998,0.411056995,336899500,ADA-USD,Cardano
2025-12-13 00:00:00+00:00,90257.79688,90647.57031,89800.99219,90298.71094,64237748110,BTC-USD,Bitcoin
2025-12-13 00:00:00+00:00,132.3240356,134.2451324,131.9858093,133.247467,2024059188,SOL-USD,Solana
2025-12-13 00:00:00+00:00,2.009145021,2.047235966,2.008230925,2.023993969,1622802388,XRP-USD,XRP
2025-12-13 00:00:00+00:00,3084.129639,3134.849365,3080.078613,3116.695313,9916869400,ETH-USD,Ethereum
2025-12-13 00:00:00+00:00,881.8624268,903.7582397,880.7807007,897.4295654,1472368344,BNB-USD,BNB
2025-12-14 00:00:00+00:00,0.411056012,0.411219001,0.394796997,0.396584004,534338410,ADA-USD,Cardano
2025-12-14 00:00:00+00:00,90296.4375,90498.10938,87634.9375,88175.17969,50465972205,BTC-USD,Bitcoin
2025-12-14 00:00:00+00:00,133.2476196,133.5909882,128.9016571,129.4810944,2489001258,SOL-USD,Solana
2025-12-14 00:00:00+00:00,2.023997068,2.030018091,1.972113967,1.979287028,1639521426,XRP-USD,XRP
2025-12-14 00:00:00+00:00,3116.743896,3128.622803,3034.692627,3060.594727,15619543350,ETH-USD,Ethereum
2025-12-14 00:00:00+00:00,897.435791,899.2176514,874.1296387,877.8068848,1640570319,BNB-USD,BNB
2025-12-15 00:00:00+00:00,0.396566987,0.406170994,0.379137993,0.388090998,668504094,ADA-USD,Cardano
2025-12-15 00:00:00+00:00,88171.07813,89983.92188,85304.07813,86419.78125,45559514323,BTC-USD,Bitcoin
2025-12-15 00:00:00+00:00,129.4833374,134.7176208,123.9980469,127.7571182,5120043768,SOL-USD,Solana
2025-12-15 00:00:00+00:00,1.979285002,2.009267092,1.876363039,1.898673058,3479993806,XRP-USD,XRP
2025-12-15 00:00:00+00:00,3060.481445,3175.118164,2899.685791,2964.183105,28765976892,ETH-USD,Ethereum
2025-12-15 00:00:00+00:00,877.7892456,894.2052612,843.7678833,858.545105,2222157806,BNB-USD,BNB
2025-12-16 00:00:00+00:00,0.388092995,0.390947014,0.380122006,0.385726988,555939135,ADA-USD,Cardano
2025-12-16 00:00:00+00:00,86424.40625,88170.09375,85381.6875,87843.98438,41262178223,BTC-USD,Bitcoin
2025-12-16 00:00:00+00:00,127.757309,129.9452667,125.4538498,129.2512054,3918682307,SOL-USD,Solana
2025-12-16 00:00:00+00:00,1.898671985,1.944017053,1.861063004,1.930073023,3093566806,XRP-USD,XRP
2025-12-16 00:00:00+00:00,2964.379639,2978.921387,2890.011719,2964.180908,22709189818,ETH-USD,Ethereum
2025-12-16 00:00:00+00:00,858.5458984,877.6130981,851.3676147,874.8990479,2379705373,BNB-USD,BNB
2025-12-17 00:00:00+00:00,0.385724008,0.398772001,0.365370989,0.366501987,687147387,ADA-USD,Cardano
2025-12-17 00:00:00+00:00,87847.61719,90264.57031,85316.26563,86143.75781,44243392914,BTC-USD,Bitcoin
2025-12-17 00:00:00+00:00,129.2528229,133.4417725,121.5580521,123.1198044,5452646038,SOL-USD,Solana
2025-12-17 00:00:00+00:00,1.93008399,1.983695984,1.850249052,1.861837983,3450002332,XRP-USD,XRP
2025-12-17 00:00:00+00:00,2964.019531,3025.81543,2791.333984,2831.403564,26159825528,ETH-USD,Ethereum
2025-12-17 00:00:00+00:00,874.9055176,875.1108398,834.8516846,842.9301758,2968394043,BNB-USD,BNB
2025-12-18 00:00:00+00:00,0.366510987,0.377876014,0.34771499,0.351424992,753416756,ADA-USD,Cardano
2025-12-18 00:00:00+00:00,86144.36719,89412.66406,84436.3125,85462.50781,52667115348,BTC-USD,Bitcoin
2025-12-18 00:00:00+00:00,123.1261063,128.7641754,117.3162308,119.5701523,5835673225,SOL-USD,Solana
2025-12-18 00:00:00+00:00,1.861845016,1.930562973,1.804198027,1.807777047,3853056261,XRP-USD,XRP
2025-12-18 00:00:00+00:00,2831.488281,2994.552734,2777.119629,2827.069092,29194181349,ETH-USD,Ethereum
2025-12-18 00:00:00+00:00,842.9312744,850.8983765,819.9838257,829.3011475,3195634004,BNB-USD,BNB
2025-12-19 00:00:00+00:00,0.351426989,0.379444003,0.347277999,0.376630008,611822292,ADA-USD,Cardano
2025-12-19 00:00:00+00:00,85476.13281,89339.11719,85107.66406,88103.38281,46733310561,BTC-USD,Bitcoin
2025-12-19 00:00:00+00:00,119.5701523,127.5052261,117.7981262,126.192749,5045203467,SOL-USD,Solana
2025-12-19 00:00:00+00:00,1.807777047,1.915884018,1.772696018,1.907392025,3923807997,XRP-USD,XRP
2025-12-19 00:00:00+00:00,2827.4104,3014.612305,2811.391602,2977.970703,27870687989,ETH-USD,Ethereum
2025-12-19 00:00:00+00:00,829.303894,861.0877075,823.171814,855.9432983,5429911683,BNB-USD,BNB
2025-12-20 00:00:00+00:00,0.376630008,0.379934996,0.372271001,0.373095006,301429029,ADA-USD,Cardano
2025-12-20 00:00:00+00:00,88101.67188,88497.20313,87924.875,88344,14688196659,BTC-USD,Bitcoin
2025-12-20 00:00:00+00:00,126.1940536,126.763237,125.391037,125.8090363,1703857955,SOL-USD,Solana
2025-12-20 00:00:00+00:00,1.907389998,1.953943968,1.895140052,1.932397962,1995691806,XRP-USD,XRP
2025-12-20 00:00:00+00:00,2977.869141,2992.310059,2967.838623,2977.58252,7612418215,ETH-USD,Ethereum
2025-12-20 00:00:00+00:00,855.9429932,858.7412109,850.8908691,853.5861816,1374684930,BNB-USD,BNB
2025-12-21 00:00:00+00:00,0.373097986,0.374044001,0.358318001,0.36589101,453364122,ADA-USD,Cardano
2025-12-21 00:00:00+00:00,88344.70313,89027.95313,87613.20313,88621.75,19845522660,BTC-USD,Bitcoin
2025-12-21 00:00:00+00:00,125.8102417,126.4563675,123.6015778,125.9915009,2335972346,SOL-USD,Solana
2025-12-21 00:00:00+00:00,1.932402968,1.947304964,1.896775961,1.922011971,2392341920,XRP-USD,XRP
2025-12-21 00:00:00+00:00,2977.508545,3009.807129,2945.394775,3001.61377,11178096676,ETH-USD,Ethereum
2025-12-21 00:00:00+00:00,853.5969849,858.9291382,846.0993042,857.8892212,1501917010,BNB-USD,BNB
2025-12-22 00:00:00+00:00,0.365902007,0.380306005,0.363279998,0.370806992,607043679,ADA-USD,Cardano
2025-12-22 00:00:00+00:00,88621.39844,90501.92969,87908.07031,88490.01563,38047472118,BTC-USD,Bitcoin
2025-12-22 00:00:00+00:00,125.9915161,128.3850708,124.4066162,125.8012314,3657779407,SOL-USD,Solana
2025-12-22 00:00:00+00:00,1.922024965,1.943696976,1.892801046,1.902763963,2644702981,XRP-USD,XRP
2025-12-22 00:00:00+00:00,3001.612793,3073.35376,2965.175049,3006.07373,20342034264,ETH-USD,Ethereum
2025-12-22 00:00:00+00:00,857.8866577,869.0992432,852.6373291,857.8574219,1959463444,BNB-USD,BNB
2025-12-23 00:00:00+00:00,0.370806992,0.373376012,0.356272995,0.362852007,459660400,ADA-USD,Cardano
2025-12-23 00:00:00+00:00,88490.03125,88898.38281,86606.97656,87414,43683011533,BTC-USD,Bitcoin
2025-12-23 00:00:00+00:00,125.8012314,126.731163,122.3280182,123.8572159,3084149409,SOL-USD,Solana
2025-12-23 00:00:00+00:00,1.902763963,1.907117009,1.866700053,1.872817039,2201693264,XRP-USD,XRP
2025-12-23 00:00:00+00:00,3006.073975,3033.196289,2902.333008,2963.374023,21453213168,ETH-USD,Ethereum
2025-12-23 00:00:00+00:00,857.8599243,860.7771606,839.5874634,843.7714233,1696809904,BNB-USD,BNB
2025-12-24 00:00:00+00:00,0.36284101,0.364284992,0.353147,0.356411994,417768956,ADA-USD,Cardano
2025-12-24 00:00:00+00:00,87404.32031,87956.88281,86411.79688,87611.96094,25550297986,BTC-USD,Bitcoin
2025-12-24 00:00:00+00:00,123.856842,124.106842,120.7838593,122.4586029,2313559221,SOL-USD,Solana
2025-12-24 00:00:00+00:00,1.872794986,1.875834942,1.837574005,1.861171007,1891794487,XRP-USD,XRP
2025-12-24 00:00:00+00:00,2962.922607,2975.171143,2888.988037,2945.590576,13984770325,ETH-USD,Ethereum
2025-12-24 00:00:00+00:00,843.7693481,849.3277588,835.2703857,846.2596436,1535799969,BNB-USD,BNB
2025-12-25 00:00:00+00:00,0.356413007,0.360825986,0.342606008,0.343216002,521736417,ADA-USD,Cardano
2025-12-25 00:00:00+00:00,87608.32031,88501.78906,86949.25781,87234.74219,19953216347,BTC-USD,Bitcoin
2025-12-25 00:00:00+00:00,122.4583588,124.1939163,119.9009933,119.9471207,2194207451,SOL-USD,Solana
2025-12-25 00:00:00+00:00,1.861166954,1.885256052,1.829771042,1.831835985,1498817315,XRP-USD,XRP
2025-12-25 00:00:00+00:00,2945.423096,2968.705078,2891.108887,2903.57959,11828871179,ETH-USD,Ethereum
2025-12-25 00:00:00+00:00,846.243103,847.0791626,827.6585693,829.4244385,1415229398,BNB-USD,BNB
2025-12-26 00:00:00+00:00,0.343221009,0.35721001,0.342043996,0.349581987,547530768,ADA-USD,Cardano
2025-12-26 00:00:00+00:00,87235.50781,89459.42969,86628.14063,87301.42969,42455674908,BTC-USD,Bitcoin
2025-12-26 00:00:00+00:00,119.9473724,124.929184,119.5731659,122.1959534,3779508002,SOL-USD,Solana
2025-12-26 00:00:00+00:00,1.831840038,1.880252957,1.825291991,1.842964053,2252113960,XRP-USD,XRP
2025-12-26 00:00:00+00:00,2903.625,2991.219971,2894.153809,2925.745605,18562196049,ETH-USD,Ethereum
2025-12-26 00:00:00+00:00,829.4263916,845.7174683,823.3729248,834.1515503,1730790904,BNB-USD,BNB
2025-12-27 00:00:00+00:00,0.34957701,0.369554013,0.34898901,0.369542003,380207039,ADA-USD,Cardano
2025-12-27 00:00:00+00:00,87301.42969,87874.78125,87182.97656,87802.15625,13741199310,BTC-USD,Bitcoin
2025-12-27 00:00:00+00:00,122.1961212,124.7481613,121.8603973,124.6477127,1711358748,SOL-USD,Solana
2025-12-27 00:00:00+00:00,1.842962027,1.874040008,1.841431975,1.872853041,1040331569,XRP-USD,XRP
2025-12-27 00:00:00+00:00,2925.745117,2957.300537,2917.27124,2947.998291,7378783299,ETH-USD,Ethereum
2025-12-27 00:00:00+00:00,834.1513672,844.5943604,834.145874,844.5545044,1496575663,BNB-USD,BNB
2025-12-28 00:00:00+00:00,0.369553,0.374727011,0.361896992,0.368501991,459983671,ADA-USD,Cardano
2025-12-28 00:00:00+00:00,87799.34375,87986.89063,87394.95313,87835.83594,15156557929,BTC-USD,Bitcoin
2025-12-28 00:00:00+00:00,124.6484146,125.2176132,123.0705872,125.1993561,2003713687,SOL-USD,Solana
2025-12-28 00:00:00+00:00,1.872853041,1.876831055,1.853834987,1.864359975,1043218992,XRP-USD,XRP
2025-12-28 00:00:00+00:00,2947.898193,2957.138672,2925.745361,2948.568115,9227601389,ETH-USD,Ethereum
2025-12-28 00:00:00+00:00,844.5575562,864.9430542,839.5921021,858.8287964,1855190489,BNB-USD,BNB
2025-12-29 00:00:00+00:00,0.368494004,0.382638007,0.350591004,0.352914989,772916830,ADA-USD,Cardano
2025-12-29 00:00:00+00:00,87835.78906,90299.15625,86717.91406,87138.14063,48411625849,BTC-USD,Bitcoin
2025-12-29 00:00:00+00:00,125.1987457,129.3044128,122.4287262,123.1252289,4871847248,SOL-USD,Solana
2025-12-29 00:00:00+00:00,1.864356995,1.914788008,1.845445991,1.847723961,2303688120,XRP-USD,XRP
2025-12-29 00:00:00+00:00,2948.559082,3051.941895,2908.748047,2934.53833,25957694515,ETH-USD,Ethereum
2025-12-29 00:00:00+00:00,858.8352051,869.9858398,846.6453247,851.187561,2271142660,BNB-USD,BNB
2025-12-30 00:00:00+00:00,0.352914989,0.355971009,0.349054009,0.351117015,491744913,ADA-USD,Cardano
2025-12-30 00:00:00+00:00,87134.35156,89297.9375,86735.54688,88430.13281,35586356225,BTC-USD,Bitcoin
2025-12-30 00:00:00+00:00,123.1244888,126.1906662,122.5390015,124.9313202,3096711898,SOL-USD,Solana
2025-12-30 00:00:00+00:00,1.847740054,1.882647991,1.844087005,1.875494003,1804734447,XRP-USD,XRP
2025-12-30 00:00:00+00:00,2934.41626,3002.804688,2916.330078,2971.416748,18816704381,ETH-USD,Ethereum
2025-12-30 00:00:00+00:00,851.1907349,862.0198364,848.4505005,860.5537109,2042633098,BNB-USD,BNB
2025-12-31 00:00:00+00:00,0.351101995,0.352817863,0.332986087,0.333428025,558387904,ADA-USD,Cardano
2025-12-31 00:00:00+00:00,88407.72656,89012.41406,87334.125,87520.13281,33016963072,BTC-USD,Bitcoin
2025-12-31 00:00:00+00:00,124.9241943,127.1004639,124.4726639,124.6554031,3114220032,SOL-USD,Solana
2025-12-31 00:00:00+00:00,1.875452757,1.880050182,1.83723259,1.838558674,1785612160,XRP-USD,XRP
2025-12-31 00:00:00+00:00,2970.641846,3014.750732,2960.252686,2972.825195,16968096768,ETH-USD,Ethereum
2025-12-31 00:00:00+00:00,860.5339966,873.2703857,856.897583,861.3032837,2447182848,BNB-USD,BNB
